id,archivo_modelo1,archivo_modelo2,bytes_modelo1,bytes_modelo2,ancho_modelo1,alto_modelo1,ancho_modelo2,alto_modelo2,modo_modelo1,modo_modelo2,sha256_modelo1,sha256_modelo2,hash_igual,misma_forma_pixeles,pixeles_iguales,mae_pixeles,max_diferencia_pixel,mismas_dimensiones,mismo_tamano_bytes
18_em_0,18_em_0_0.bmp,18_em_0.bmp,40518,40518,464,85,464,85,L,L,2f9e926c3b597d58073b65118705d422d1d991f13fb994506055cb6b05abc05f,2f9e926c3b597d58073b65118705d422d1d991f13fb994506055cb6b05abc05f,True,True,True,0.0,0,True,True
18_em_1,18_em_1_0.bmp,18_em_1.bmp,8530,8530,105,69,105,69,L,L,e493bb2b056a1abd274641892d3e3f29db67f5f5a98c87515a35f08d37fd045a,e493bb2b056a1abd274641892d3e3f29db67f5f5a98c87515a35f08d37fd045a,True,True,True,0.0,0,True,True
18_em_10,18_em_10_0.bmp,18_em_10.bmp,5334,5334,76,56,76,56,L,L,df753c715f8627ff1f9fc027b1615a5559ac2ce3701b0ea0847ce4cf0ca4f389,df753c715f8627ff1f9fc027b1615a5559ac2ce3701b0ea0847ce4cf0ca4f389,True,True,True,0.0,0,True,True
18_em_11,18_em_11_0.bmp,18_em_11.bmp,15862,15862,191,77,191,77,L,L,aa88efb50fe72dcd8e4a33c15e174ff63303e72fdace9a865358ca20d1dbe287,aa88efb50fe72dcd8e4a33c15e174ff63303e72fdace9a865358ca20d1dbe287,True,True,True,0.0,0,True,True
18_em_12,18_em_12_0.bmp,18_em_12.bmp,52286,52286,294,173,294,173,L,L,7b344bdb6e3189b183c2a98ef334a27afdddbb128d6cffc45f9b3fa1cb830d62,7b344bdb6e3189b183c2a98ef334a27afdddbb128d6cffc45f9b3fa1cb830d62,True,True,True,0.0,0,True,True
18_em_13,18_em_13_0.bmp,18_em_13.bmp,40498,40498,291,135,291,135,L,L,821c113dfb1eb5d9f85fab889fe3766b51191342dd0890d60494a3aab266e5b3,821c113dfb1eb5d9f85fab889fe3766b51191342dd0890d60494a3aab266e5b3,True,True,True,0.0,0,True,True
18_em_14,18_em_14_0.bmp,18_em_14.bmp,47590,47590,228,204,228,204,L,L,b09b381a55c6ca3b79edf7b8b985188bf1e8ef6d6e1eda712b778b8041e77d9d,b09b381a55c6ca3b79edf7b8b985188bf1e8ef6d6e1eda712b778b8041e77d9d,True,True,True,0.0,0,True,True
18_em_15,18_em_15_0.bmp,18_em_15.bmp,27286,27286,334,78,334,78,L,L,98f7e13596a577d9909d5f74b2157d2dda398a9cb95d68d8c64d36a247472f87,98f7e13596a577d9909d5f74b2157d2dda398a9cb95d68d8c64d36a247472f87,True,True,True,0.0,0,True,True
18_em_16,18_em_16_0.bmp,18_em_16.bmp,8154,8154,116,61,116,61,L,L,5346cc7add0ab010950b0ab8afee5b8fe8e6cde23b15d7852df7e6e85b615de6,5346cc7add0ab010950b0ab8afee5b8fe8e6cde23b15d7852df7e6e85b615de6,True,True,True,0.0,0,True,True
18_em_17,18_em_17_0.bmp,18_em_17.bmp,45538,45538,379,117,379,117,L,L,1b6c94a3dad14577ee5e997abb250256d039425487374800c068040db315c6d9,1b6c94a3dad14577ee5e997abb250256d039425487374800c068040db315c6d9,True,True,True,0.0,0,True,True
18_em_18,18_em_18_0.bmp,18_em_18.bmp,24730,24730,290,81,290,81,L,L,7b48f8d3a4eef6823831c1bb485ee3ac2c7a9a0b2a1488b823549905ff97e22e,7b48f8d3a4eef6823831c1bb485ee3ac2c7a9a0b2a1488b823549905ff97e22e,True,True,True,0.0,0,True,True
18_em_19,18_em_19_0.bmp,18_em_19.bmp,7318,7318,102,60,102,60,L,L,8f5c920eaff8aa697e7bdd6e8f55759fd89daa5ed72c2c08cebb8ef881180f84,8f5c920eaff8aa697e7bdd6e8f55759fd89daa5ed72c2c08cebb8ef881180f84,True,True,True,0.0,0,True,True
18_em_2,18_em_2_0.bmp,18_em_2.bmp,110878,110878,897,122,897,122,L,L,4c0b149787680aecade23b9382e733f62c20b61b5f28398e7a33246e2d26e363,4c0b149787680aecade23b9382e733f62c20b61b5f28398e7a33246e2d26e363,True,True,True,0.0,0,True,True
18_em_20,18_em_20_0.bmp,18_em_20.bmp,29614,29614,232,123,232,123,L,L,b3fd840d98dda45c54f8f294286c7f0b3bd45f5a48e720cba8b1407f295f4922,b3fd840d98dda45c54f8f294286c7f0b3bd45f5a48e720cba8b1407f295f4922,True,True,True,0.0,0,True,True
18_em_21,18_em_21_0.bmp,18_em_21.bmp,33838,33838,466,70,466,70,L,L,b87e8a52e96295f879a1563c7a64abb72f2954e26e3080dd894667a790ade9d8,b87e8a52e96295f879a1563c7a64abb72f2954e26e3080dd894667a790ade9d8,True,True,True,0.0,0,True,True
18_em_22,18_em_22_0.bmp,18_em_22.bmp,49798,49798,417,116,417,116,L,L,b75c88b6ba59cce5ba94097b4b372a2311addd42bd8696e0c146142b1a4bde0d,b75c88b6ba59cce5ba94097b4b372a2311addd42bd8696e0c146142b1a4bde0d,True,True,True,0.0,0,True,True
18_em_23,18_em_23_0.bmp,18_em_23.bmp,60918,60918,352,170,352,170,L,L,a31fa51c0fed2aaace0259285e79b7b03417d8c869e00d841cb0e17174cfb9c9,a31fa51c0fed2aaace0259285e79b7b03417d8c869e00d841cb0e17174cfb9c9,True,True,True,0.0,0,True,True
18_em_24,18_em_24_0.bmp,18_em_24.bmp,42798,42798,278,149,278,149,L,L,4266dd1994a139f6da1f320e70f81bf9d80e85632a1bfc6663f5a31d4102d3b7,4266dd1994a139f6da1f320e70f81bf9d80e85632a1bfc6663f5a31d4102d3b7,True,True,True,0.0,0,True,True
18_em_3,18_em_3_0.bmp,18_em_3.bmp,32662,32662,375,84,375,84,L,L,3865b9b23b9f984cd3bfd5ee109c511ffa929966323b9b37d996f4940cd08f56,3865b9b23b9f984cd3bfd5ee109c511ffa929966323b9b37d996f4940cd08f56,True,True,True,0.0,0,True,True
18_em_4,18_em_4_0.bmp,18_em_4.bmp,12562,12562,129,87,129,87,L,L,73490481ebca462e7f8dbf3da8549760ef0ddd9e16e535b8eab4486997598573,73490481ebca462e7f8dbf3da8549760ef0ddd9e16e535b8eab4486997598573,True,True,True,0.0,0,True,True
18_em_5,18_em_5_0.bmp,18_em_5.bmp,17346,17346,194,83,194,83,L,L,2ff8870571f4b27f316a0c0e037eaac4ba27016c5ef0b997959af75962480c1c,2ff8870571f4b27f316a0c0e037eaac4ba27016c5ef0b997959af75962480c1c,True,True,True,0.0,0,True,True
18_em_6,18_em_6_0.bmp,18_em_6.bmp,21934,21934,261,79,261,79,L,L,860a97bc3f7c5f60abae94d10c72182e3ff821f42f6edd95f4ea6cdb7e347373,860a97bc3f7c5f60abae94d10c72182e3ff821f42f6edd95f4ea6cdb7e347373,True,True,True,0.0,0,True,True
18_em_7,18_em_7_0.bmp,18_em_7.bmp,16278,16278,160,95,160,95,L,L,7b01ef8eacf6a2222669cede5c24f835768897ea2193e097348e4016b88a1818,7b01ef8eacf6a2222669cede5c24f835768897ea2193e097348e4016b88a1818,True,True,True,0.0,0,True,True
18_em_8,18_em_8_0.bmp,18_em_8.bmp,24082,24082,281,81,281,81,L,L,45a8e6d7500e0ec617eefe98b7599f1f38aa4146d5aecb6f32755997aafe7a9e,45a8e6d7500e0ec617eefe98b7599f1f38aa4146d5aecb6f32755997aafe7a9e,True,True,True,0.0,0,True,True
18_em_9,18_em_9_0.bmp,18_em_9.bmp,47046,47046,271,169,271,169,L,L,e7e2b641b1aacdfa011541a5f14a973931d29760231eca2de5ac174d59a0f4e3,e7e2b641b1aacdfa011541a5f14a973931d29760231eca2de5ac174d59a0f4e3,True,True,True,0.0,0,True,True
20_em_25,20_em_25_0.bmp,20_em_25.bmp,103686,103686,846,121,846,121,L,L,3af67a6ada80c9d750a6d281a47be2959a09be2d7587872c1b5b4c8f80f81131,3af67a6ada80c9d750a6d281a47be2959a09be2d7587872c1b5b4c8f80f81131,True,True,True,0.0,0,True,True
20_em_26,20_em_26_0.bmp,20_em_26.bmp,49550,49550,292,166,292,166,L,L,7411bcf81071c13486f5a6061ad0aaabe3955d3c136b781a0fc7ae33828d1c54,7411bcf81071c13486f5a6061ad0aaabe3955d3c136b781a0fc7ae33828d1c54,True,True,True,0.0,0,True,True
20_em_27,20_em_27_0.bmp,20_em_27.bmp,90454,90454,530,168,530,168,L,L,043479388fccfbfa579e62e8e53e42e613597a2da1e215d3c9725cba097c848d,043479388fccfbfa579e62e8e53e42e613597a2da1e215d3c9725cba097c848d,True,True,True,0.0,0,True,True
20_em_28,20_em_28_0.bmp,20_em_28.bmp,18934,18934,246,72,246,72,L,L,bfcce630105010b89b90d2c5dfd4f04170e674e9b4c345328f68499a958d3ad5,bfcce630105010b89b90d2c5dfd4f04170e674e9b4c345328f68499a958d3ad5,True,True,True,0.0,0,True,True
20_em_29,20_em_29_0.bmp,20_em_29.bmp,22658,22658,257,83,257,83,L,L,0e4eca9a3167b5f254aa48966d12721e61df990ba7f8b49d748458c523ff156c,0e4eca9a3167b5f254aa48966d12721e61df990ba7f8b49d748458c523ff156c,True,True,True,0.0,0,True,True
20_em_30,20_em_30_0.bmp,20_em_30.bmp,4998,4998,53,70,53,70,L,L,7d4c026b059df85bc2891a7afce75ad510665854cdaab3941ca068a411ba39f6,7d4c026b059df85bc2891a7afce75ad510665854cdaab3941ca068a411ba39f6,True,True,True,0.0,0,True,True
20_em_31,20_em_31_0.bmp,20_em_31.bmp,55618,55618,537,101,537,101,L,L,e02962b155b7a39439f01aedda63a36fc3796d3a778725ff88b6217f6fa5c97a,e02962b155b7a39439f01aedda63a36fc3796d3a778725ff88b6217f6fa5c97a,True,True,True,0.0,0,True,True
20_em_32,20_em_32_0.bmp,20_em_32.bmp,12166,12166,86,126,86,126,L,L,dda387caaf5e693db1495aa287bf807b153bcd7521a7b72000c6476c48ddff49,dda387caaf5e693db1495aa287bf807b153bcd7521a7b72000c6476c48ddff49,True,True,True,0.0,0,True,True
20_em_33,20_em_33_0.bmp,20_em_33.bmp,111622,111622,751,147,751,147,L,L,0e01aa8ab2b3c1ec94f2d48f0c473f939bdae768f42bb88ad5259a7ccff82df1,0e01aa8ab2b3c1ec94f2d48f0c473f939bdae768f42bb88ad5259a7ccff82df1,True,True,True,0.0,0,True,True
20_em_34,20_em_34_0.bmp,20_em_34.bmp,18166,18166,190,89,190,89,L,L,7ed5b95eb2d618f97dbd94102386c58a049590422db6d92fed2d2d68a8829f3d,7ed5b95eb2d618f97dbd94102386c58a049590422db6d92fed2d2d68a8829f3d,True,True,True,0.0,0,True,True
20_em_35,20_em_35_0.bmp,20_em_35.bmp,20670,20670,246,79,246,79,L,L,24fe23c8d8b1518a1047a96efc674c72c64aa6f274245d966305d5b576cec882,24fe23c8d8b1518a1047a96efc674c72c64aa6f274245d966305d5b576cec882,True,True,True,0.0,0,True,True
20_em_36,20_em_36_0.bmp,20_em_36.bmp,39094,39094,382,99,382,99,L,L,f8a7ffcf4e5dd4eef12b33f68b8ada21fa5ee1b803af793f312f0bdd1d1788e7,f8a7ffcf4e5dd4eef12b33f68b8ada21fa5ee1b803af793f312f0bdd1d1788e7,True,True,True,0.0,0,True,True
20_em_37,20_em_37_0.bmp,20_em_37.bmp,232334,232334,1096,211,1096,211,L,L,f9f4896f4f21a0de2e6a332b25d9fd34381399802b5d7660172a89ca87ceec5a,f9f4896f4f21a0de2e6a332b25d9fd34381399802b5d7660172a89ca87ceec5a,True,True,True,0.0,0,True,True
20_em_38,20_em_38_0.bmp,20_em_38.bmp,7398,7398,77,79,77,79,L,L,0d60e3989234b977691559e6ac7f491c3f744b4b1d2eaf3bb79f2c052d35e990,0d60e3989234b977691559e6ac7f491c3f744b4b1d2eaf3bb79f2c052d35e990,True,True,True,0.0,0,True,True
20_em_39,20_em_39_0.bmp,20_em_39.bmp,41846,41846,416,98,416,98,L,L,a3458d191af364afba698e4adb0a22e5d28e6937f32c9cd7b02f67a66aefbe5d,a3458d191af364afba698e4adb0a22e5d28e6937f32c9cd7b02f67a66aefbe5d,True,True,True,0.0,0,True,True
20_em_40,20_em_40_0.bmp,20_em_40.bmp,21318,21318,217,92,217,92,L,L,f455c3553c327ae9bcea2de6b25e74c501986dc93e45b6b8dafa6a6c9cbcb598,f455c3553c327ae9bcea2de6b25e74c501986dc93e45b6b8dafa6a6c9cbcb598,True,True,True,0.0,0,True,True
20_em_41,20_em_41_0.bmp,20_em_41.bmp,8502,8502,115,64,115,64,L,L,f10fcaae1fdcc7918cc06da87e38cdc0ef27b9e1c09a447162c8198d8cb358c9,f10fcaae1fdcc7918cc06da87e38cdc0ef27b9e1c09a447162c8198d8cb358c9,True,True,True,0.0,0,True,True
20_em_42,20_em_42_0.bmp,20_em_42.bmp,4270,4270,56,57,56,57,L,L,c6c5c3712b9c00f56e726465770fb0bbc2b0e96b9f987309cb5bd9e9ccfa76b1,c6c5c3712b9c00f56e726465770fb0bbc2b0e96b9f987309cb5bd9e9ccfa76b1,True,True,True,0.0,0,True,True
20_em_43,20_em_43_0.bmp,20_em_43.bmp,54806,54806,367,146,367,146,L,L,63606ba3a1c148799df04887f3ce55b58dba2b8862b349f7f894a6d5107b9ee9,63606ba3a1c148799df04887f3ce55b58dba2b8862b349f7f894a6d5107b9ee9,True,True,True,0.0,0,True,True
20_em_44,20_em_44_0.bmp,20_em_44.bmp,12694,12694,175,66,175,66,L,L,053febad3a5b046dcd7aa737a8bc97ec684c13543c01b3bece8677dcbf5347da,053febad3a5b046dcd7aa737a8bc97ec684c13543c01b3bece8677dcbf5347da,True,True,True,0.0,0,True,True
20_em_45,20_em_45_0.bmp,20_em_45.bmp,8178,8178,100,71,100,71,L,L,8bbed3a8b80e8d77ac8ec0cbc3d81db2658609acfa8b2810381b5fc2a40569d6,8bbed3a8b80e8d77ac8ec0cbc3d81db2658609acfa8b2810381b5fc2a40569d6,True,True,True,0.0,0,True,True
20_em_46,20_em_46_0.bmp,20_em_46.bmp,72478,72478,408,175,408,175,L,L,9ef08ee828c3ed9c1c2668549e8a28d3fafb0826d95d2cdbb0795beb7c6e2df9,9ef08ee828c3ed9c1c2668549e8a28d3fafb0826d95d2cdbb0795beb7c6e2df9,True,True,True,0.0,0,True,True
20_em_47,20_em_47_0.bmp,20_em_47.bmp,14518,14518,224,60,224,60,L,L,233f6bfd2579cc9d49602b247635773f75ee29368478e28d61584d38847ac1ea,233f6bfd2579cc9d49602b247635773f75ee29368478e28d61584d38847ac1ea,True,True,True,0.0,0,True,True
20_em_48,20_em_48_0.bmp,20_em_48.bmp,40558,40558,374,105,374,105,L,L,9b796d53498728a7d99f96d58840715b60145d90f227d886ce997a9c960b2cc2,9b796d53498728a7d99f96d58840715b60145d90f227d886ce997a9c960b2cc2,True,True,True,0.0,0,True,True
20_em_49,20_em_49_0.bmp,20_em_49.bmp,5410,5410,73,57,73,57,L,L,f58fb1048b5844675012fb962051eb373a7e4f6f80bc04bc3f74e4b1348f67a1,f58fb1048b5844675012fb962051eb373a7e4f6f80bc04bc3f74e4b1348f67a1,True,True,True,0.0,0,True,True
23_em_50,23_em_50_0.bmp,23_em_50.bmp,13318,13318,136,90,136,90,L,L,0ef7b629718323159c29a15890f6fc18179ce1c4be5da3e9b84781721f844365,0ef7b629718323159c29a15890f6fc18179ce1c4be5da3e9b84781721f844365,True,True,True,0.0,0,True,True
23_em_51,23_em_51_0.bmp,23_em_51.bmp,91630,91630,613,147,613,147,L,L,a67414c23d284c96e5fe8caa6cb37091e71eb7b5c6806cf25a04b0042688c481,a67414c23d284c96e5fe8caa6cb37091e71eb7b5c6806cf25a04b0042688c481,True,True,True,0.0,0,True,True
23_em_52,23_em_52_0.bmp,23_em_52.bmp,6190,6190,71,71,71,71,L,L,19dd139522ab4d7edf49ffee5d984cc82a24a7be7aad535cd99c45570ac2b1f2,19dd139522ab4d7edf49ffee5d984cc82a24a7be7aad535cd99c45570ac2b1f2,True,True,True,0.0,0,True,True
23_em_53,23_em_53_0.bmp,23_em_53.bmp,45754,45754,292,153,292,153,L,L,fab6691eb93234601d84bfc9fea1406f5d060ca008968885db41307ba9d255fc,fab6691eb93234601d84bfc9fea1406f5d060ca008968885db41307ba9d255fc,True,True,True,0.0,0,True,True
23_em_54,23_em_54_0.bmp,23_em_54.bmp,19006,19006,216,83,216,83,L,L,e92e6783e02c779be36f93586f363cb23f40e4316cfc7b9047ed54c9434732b1,e92e6783e02c779be36f93586f363cb23f40e4316cfc7b9047ed54c9434732b1,True,True,True,0.0,0,True,True
23_em_55,23_em_55_0.bmp,23_em_55.bmp,12622,12622,153,74,153,74,L,L,109f55125e01c1685d40b87ecad053043b4537eee45df95e3bfccf51c1106ec6,109f55125e01c1685d40b87ecad053043b4537eee45df95e3bfccf51c1106ec6,True,True,True,0.0,0,True,True
23_em_56,23_em_56_0.bmp,23_em_56.bmp,8866,8866,132,59,132,59,L,L,9a994de6f0518ab3c710e1082161fe4859ef140dd17091f129b953f95efaf38e,9a994de6f0518ab3c710e1082161fe4859ef140dd17091f129b953f95efaf38e,True,True,True,0.0,0,True,True
23_em_57,23_em_57_0.bmp,23_em_57.bmp,27850,27850,276,97,276,97,L,L,b09a1d08ba3f8d7bc1291bbe5e6037049a5574c46c10a456950e2d4e2395d5b7,b09a1d08ba3f8d7bc1291bbe5e6037049a5574c46c10a456950e2d4e2395d5b7,True,True,True,0.0,0,True,True
23_em_58,23_em_58_0.bmp,23_em_58.bmp,21538,21538,220,93,220,93,L,L,6171bbc9e2859125b8a4a217858cf5c88568cbafbbee8196c361c8a45844abf9,6171bbc9e2859125b8a4a217858cf5c88568cbafbbee8196c361c8a45844abf9,True,True,True,0.0,0,True,True
23_em_59,23_em_59_0.bmp,23_em_59.bmp,109606,109606,530,204,530,204,L,L,e054d907836d2af76244a1b5f9baac7e344e8b925df533b335063e44bde41d62,e054d907836d2af76244a1b5f9baac7e344e8b925df533b335063e44bde41d62,True,True,True,0.0,0,True,True
23_em_60,23_em_60_0.bmp,23_em_60.bmp,31174,31174,263,114,263,114,L,L,7b67dcd52d006331528c32ddc0086ba859efc18766c6009ec88e5715d7e6571c,7b67dcd52d006331528c32ddc0086ba859efc18766c6009ec88e5715d7e6571c,True,True,True,0.0,0,True,True
23_em_61,23_em_61_0.bmp,23_em_61.bmp,20390,20390,269,71,269,71,L,L,d51deda47eb96fcc9d74cb762ed1cb7287600580203bc97f06b8c3483d2dc2b7,d51deda47eb96fcc9d74cb762ed1cb7287600580203bc97f06b8c3483d2dc2b7,True,True,True,0.0,0,True,True
23_em_62,23_em_62_0.bmp,23_em_62.bmp,23110,23110,271,81,271,81,L,L,59980d5f140c290bf028216b26a3b734518fd41e7d606ef706c13c59bd512602,59980d5f140c290bf028216b26a3b734518fd41e7d606ef706c13c59bd512602,True,True,True,0.0,0,True,True
23_em_63,23_em_63_0.bmp,23_em_63.bmp,34890,34890,316,107,316,107,L,L,892ac9c3b1e4aa6ce8f5a3fed7414ae3ebc20bc5abf072dad29cd4320dff2a27,892ac9c3b1e4aa6ce8f5a3fed7414ae3ebc20bc5abf072dad29cd4320dff2a27,True,True,True,0.0,0,True,True
23_em_64,23_em_64_0.bmp,23_em_64.bmp,17822,17822,184,91,184,91,L,L,92abdd66740dcaefd29429aaf883ff6bffe7e0f95996fc68e115057a759a4c51,92abdd66740dcaefd29429aaf883ff6bffe7e0f95996fc68e115057a759a4c51,True,True,True,0.0,0,True,True
23_em_65,23_em_65_0.bmp,23_em_65.bmp,8878,8878,118,65,118,65,L,L,b171c7d991c6312efe7dcb444d69849d8c8689125eff5a5e70693cad559d9483,b171c7d991c6312efe7dcb444d69849d8c8689125eff5a5e70693cad559d9483,True,True,True,0.0,0,True,True
23_em_66,23_em_66_0.bmp,23_em_66.bmp,20002,20002,226,83,226,83,L,L,f711d80717b7d51ed426869854fb1eb313f1a3fe0effcbe28afbbf2954ec2a88,f711d80717b7d51ed426869854fb1eb313f1a3fe0effcbe28afbbf2954ec2a88,True,True,True,0.0,0,True,True
23_em_67,23_em_67_0.bmp,23_em_67.bmp,23150,23150,245,89,245,89,L,L,561e0c50d9985e6516195bf17c73ac75e718944873b7fb16d7dc64d5740bc349,561e0c50d9985e6516195bf17c73ac75e718944873b7fb16d7dc64d5740bc349,True,True,True,0.0,0,True,True
23_em_68,23_em_68_0.bmp,23_em_68.bmp,28794,28794,162,169,162,169,L,L,c43c7d1327b16d9288d0cd2bc3cb1c3918576a5b9e7e59d2bde82ad202f46670,c43c7d1327b16d9288d0cd2bc3cb1c3918576a5b9e7e59d2bde82ad202f46670,True,True,True,0.0,0,True,True
23_em_69,23_em_69_0.bmp,23_em_69.bmp,12438,12438,159,71,159,71,L,L,28c342660dd90869bc83d37401afb17bdbf131ea051e9038962659910f36042d,28c342660dd90869bc83d37401afb17bdbf131ea051e9038962659910f36042d,True,True,True,0.0,0,True,True
23_em_70,23_em_70_0.bmp,23_em_70.bmp,20118,20118,280,68,280,68,L,L,bc41f4b440d468a644dd788476fc99666e46c7e29ef5f0cf4e3cfd0cd43b43d6,bc41f4b440d468a644dd788476fc99666e46c7e29ef5f0cf4e3cfd0cd43b43d6,True,True,True,0.0,0,True,True
23_em_71,23_em_71_0.bmp,23_em_71.bmp,11170,11170,113,87,113,87,L,L,6c830390d9564b676a27604069c7b469a5df50453c3d93cc328fedfd30ed3cbb,6c830390d9564b676a27604069c7b469a5df50453c3d93cc328fedfd30ed3cbb,True,True,True,0.0,0,True,True
23_em_72,23_em_72_0.bmp,23_em_72.bmp,70966,70966,384,182,384,182,L,L,e21c61e7850c6ab2e455c3a3b4d8be39d4be39304019410a9dc2efe4c364b9ed,e21c61e7850c6ab2e455c3a3b4d8be39d4be39304019410a9dc2efe4c364b9ed,True,True,True,0.0,0,True,True
23_em_73,23_em_73_0.bmp,23_em_73.bmp,14758,14758,152,90,152,90,L,L,b8154521cb722c960cd1ec5217497b246b052ccabf977b5e8e1a00f2bc9ac35c,b8154521cb722c960cd1ec5217497b246b052ccabf977b5e8e1a00f2bc9ac35c,True,True,True,0.0,0,True,True
26_em_75,26_em_75_0.bmp,26_em_75.bmp,92278,92278,797,114,797,114,L,L,5d4322369a2481eeb6f33a91cca005144150763168623ad8027eb4a5ac4c786f,5d4322369a2481eeb6f33a91cca005144150763168623ad8027eb4a5ac4c786f,True,True,True,0.0,0,True,True
26_em_76,26_em_76_0.bmp,26_em_76.bmp,11318,11318,126,80,126,80,L,L,8103ddf0fc3839ab0f35703bc1611a8fb1e779e3f7593cb037292349454e0aec,8103ddf0fc3839ab0f35703bc1611a8fb1e779e3f7593cb037292349454e0aec,True,True,True,0.0,0,True,True
26_em_77,26_em_77_0.bmp,26_em_77.bmp,104902,104902,504,206,504,206,L,L,a2a0d76fe540c9cd9dee3d86c850fad49edbb88624c80f7f5f2cbdd3fafb2dcb,a2a0d76fe540c9cd9dee3d86c850fad49edbb88624c80f7f5f2cbdd3fafb2dcb,True,True,True,0.0,0,True,True
26_em_78,26_em_78_0.bmp,26_em_78.bmp,5718,5718,79,58,79,58,L,L,80f55359a28f75c3b2b3f2270980e121fb6a654d24898eed8639dac82327dcf3,80f55359a28f75c3b2b3f2270980e121fb6a654d24898eed8639dac82327dcf3,True,True,True,0.0,0,True,True
26_em_79,26_em_79_0.bmp,26_em_79.bmp,13750,13750,173,72,173,72,L,L,d637fe10614102ab7fce6857fcbc6c85f91063d03ee8d6fcae98d6f2fe760007,d637fe10614102ab7fce6857fcbc6c85f91063d03ee8d6fcae98d6f2fe760007,True,True,True,0.0,0,True,True
26_em_80,26_em_80_0.bmp,26_em_80.bmp,39142,39142,311,122,311,122,L,L,71fe29d6b679045e974116f383991da1d4529b66f1a137149ab2ca57af43b89f,71fe29d6b679045e974116f383991da1d4529b66f1a137149ab2ca57af43b89f,True,True,True,0.0,0,True,True
26_em_81,26_em_81_0.bmp,26_em_81.bmp,41454,41454,411,98,411,98,L,L,c6e1f2c48a02a978f55a6ea1291c543680151dd0305cfcb14a5450d96e9dc9b4,c6e1f2c48a02a978f55a6ea1291c543680151dd0305cfcb14a5450d96e9dc9b4,True,True,True,0.0,0,True,True
26_em_82,26_em_82_0.bmp,26_em_82.bmp,37794,37794,266,137,266,137,L,L,3926175be8460404d25d81974048eac8a58e891c3217b6cc5a241c0ff9bbdf33,3926175be8460404d25d81974048eac8a58e891c3217b6cc5a241c0ff9bbdf33,True,True,True,0.0,0,True,True
26_em_83,26_em_83_0.bmp,26_em_83.bmp,52378,52378,379,135,379,135,L,L,721a624ae07c83ff2f08374f91913d450759809a2f200ff9e230e74d54483f72,721a624ae07c83ff2f08374f91913d450759809a2f200ff9e230e74d54483f72,True,True,True,0.0,0,True,True
26_em_84,26_em_84_0.bmp,26_em_84.bmp,100014,100014,663,149,663,149,L,L,5467139ce948485010a482e03ca56662d78a08f3aa305698f002f9e9a142ffdc,5467139ce948485010a482e03ca56662d78a08f3aa305698f002f9e9a142ffdc,True,True,True,0.0,0,True,True
26_em_85,26_em_85_0.bmp,26_em_85.bmp,12230,12230,134,82,134,82,L,L,09b211c28b98c31ba5b4156c228ad8d8c05ec405eaa8b7bcdc2dc30deb4f0aa3,09b211c28b98c31ba5b4156c228ad8d8c05ec405eaa8b7bcdc2dc30deb4f0aa3,True,True,True,0.0,0,True,True
26_em_86,26_em_86_0.bmp,26_em_86.bmp,12358,12358,119,94,119,94,L,L,31671df487e62302f96862d1a698aeafe60aecff959a670daec67a321c70d84c,31671df487e62302f96862d1a698aeafe60aecff959a670daec67a321c70d84c,True,True,True,0.0,0,True,True
26_em_87,26_em_87_0.bmp,26_em_87.bmp,49066,49066,370,129,370,129,L,L,8bd3a961955009a5204c566cf1e6ddc8dc667b837710b1803abe8596ed7c9e1b,8bd3a961955009a5204c566cf1e6ddc8dc667b837710b1803abe8596ed7c9e1b,True,True,True,0.0,0,True,True
26_em_88,26_em_88_0.bmp,26_em_88.bmp,61530,61530,474,127,474,127,L,L,52c9444a7fb0979198c3e8d91434d26992905100b6fb46708c30a5d3b0010894,52c9444a7fb0979198c3e8d91434d26992905100b6fb46708c30a5d3b0010894,True,True,True,0.0,0,True,True
26_em_89,26_em_89_0.bmp,26_em_89.bmp,71830,71830,533,132,533,132,L,L,32b95e211934ce3b853828d0696813322a28e38cd076b42b6b6cc0add727afc6,32b95e211934ce3b853828d0696813322a28e38cd076b42b6b6cc0add727afc6,True,True,True,0.0,0,True,True
26_em_90,26_em_90_0.bmp,26_em_90.bmp,32886,32886,281,112,281,112,L,L,0dae831f8262aa9011cde0113e45577afc8a7216e872e6db4f968084bd74eb9b,0dae831f8262aa9011cde0113e45577afc8a7216e872e6db4f968084bd74eb9b,True,True,True,0.0,0,True,True
26_em_91,26_em_91_0.bmp,26_em_91.bmp,10422,10422,127,73,127,73,L,L,531b6d1bfe987328f639acb75aad0fed8bdb7bb2d9bf8ea6e27c3f83dc0f8a33,531b6d1bfe987328f639acb75aad0fed8bdb7bb2d9bf8ea6e27c3f83dc0f8a33,True,True,True,0.0,0,True,True
26_em_92,26_em_92_0.bmp,26_em_92.bmp,24814,24814,181,129,181,129,L,L,6bd09e7b3c3d2ca94d28b671fd6e40073fffa750d494da8fafc7d15af4846dbc,6bd09e7b3c3d2ca94d28b671fd6e40073fffa750d494da8fafc7d15af4846dbc,True,True,True,0.0,0,True,True
26_em_93,26_em_93_0.bmp,26_em_93.bmp,16378,16378,201,75,201,75,L,L,6c26585416da3a88ed3783e3b84fc8422fea0f8f462b46ab91cfddf72add1730,6c26585416da3a88ed3783e3b84fc8422fea0f8f462b46ab91cfddf72add1730,True,True,True,0.0,0,True,True
26_em_94,26_em_94_0.bmp,26_em_94.bmp,36010,36010,281,123,281,123,L,L,12246e87719f29fdd7985397df0de5c526d51a9e1c4e55d6d81409e8313d18f2,12246e87719f29fdd7985397df0de5c526d51a9e1c4e55d6d81409e8313d18f2,True,True,True,0.0,0,True,True
26_em_95,26_em_95_0.bmp,26_em_95.bmp,19006,19006,216,83,216,83,L,L,385dbd1ec5fd939fe3427408ebd3f21a6b280513dc00af77fa02e84c39a7affe,385dbd1ec5fd939fe3427408ebd3f21a6b280513dc00af77fa02e84c39a7affe,True,True,True,0.0,0,True,True
26_em_96,26_em_96_0.bmp,26_em_96.bmp,35350,35350,269,126,269,126,L,L,89bd8f58c86c21dbce7bcb20cd2ae8d2918bee916a3c1c02e7c7087c0936bea6,89bd8f58c86c21dbce7bcb20cd2ae8d2918bee916a3c1c02e7c7087c0936bea6,True,True,True,0.0,0,True,True
26_em_97,26_em_97_0.bmp,26_em_97.bmp,23078,23078,217,100,217,100,L,L,8c57fa64e99364f2e01521d1ed3a1affa5ae826c3bd34dbbb14291a1d009ad1b,8c57fa64e99364f2e01521d1ed3a1affa5ae826c3bd34dbbb14291a1d009ad1b,True,True,True,0.0,0,True,True
26_em_98,26_em_98_0.bmp,26_em_98.bmp,25670,25670,229,106,229,106,L,L,dcbd95154799b44ba57c9b8ee8611f5ac4759f7925e25b9348365db969e0a47d,dcbd95154799b44ba57c9b8ee8611f5ac4759f7925e25b9348365db969e0a47d,True,True,True,0.0,0,True,True
26_em_99,26_em_99_0.bmp,26_em_99.bmp,68150,68150,509,131,509,131,L,L,44e53f974379f8de31ba03d823f6de1c5675158e80f00c8d5a7b8a5ed7560751,44e53f974379f8de31ba03d823f6de1c5675158e80f00c8d5a7b8a5ed7560751,True,True,True,0.0,0,True,True
27_em_100,27_em_100_0.bmp,27_em_100.bmp,6094,6094,76,66,76,66,L,L,50a6a7385469ff546404d64f9d039a52ae6435e95614c43bed729b9bd2caeba0,50a6a7385469ff546404d64f9d039a52ae6435e95614c43bed729b9bd2caeba0,True,True,True,0.0,0,True,True
27_em_101,27_em_101_0.bmp,27_em_101.bmp,35222,35222,386,88,386,88,L,L,124ec176b78ad22c61ef692ec656ab9d05fac1e538918821eca72fc936e3f38a,124ec176b78ad22c61ef692ec656ab9d05fac1e538918821eca72fc936e3f38a,True,True,True,0.0,0,True,True
27_em_102,27_em_102_0.bmp,27_em_102.bmp,26278,26278,240,105,240,105,L,L,8e4bda2f2370416116abed38f71e97462b1a0f9cc4a3d2110302c0afe22bff61,8e4bda2f2370416116abed38f71e97462b1a0f9cc4a3d2110302c0afe22bff61,True,True,True,0.0,0,True,True
27_em_103,27_em_103_0.bmp,27_em_103.bmp,11374,11374,130,78,130,78,L,L,e24fee716d060af252b3c014abda8bd6d6dd68aef620f4f1cacba61ac20d3dd1,e24fee716d060af252b3c014abda8bd6d6dd68aef620f4f1cacba61ac20d3dd1,True,True,True,0.0,0,True,True
27_em_104,27_em_104_0.bmp,27_em_104.bmp,17038,17038,226,70,226,70,L,L,2590a1df8fffa59f0d58b32c1818df0587b4f19047d75b0fa13b259105ad65ff,2590a1df8fffa59f0d58b32c1818df0587b4f19047d75b0fa13b259105ad65ff,True,True,True,0.0,0,True,True
27_em_105,27_em_105_0.bmp,27_em_105.bmp,19726,19726,249,74,249,74,L,L,ef394638e36d7dac838e3a5fbab914b97e772dbce77c7c161f65103296ad9fc3,ef394638e36d7dac838e3a5fbab914b97e772dbce77c7c161f65103296ad9fc3,True,True,True,0.0,0,True,True
27_em_106,27_em_106_0.bmp,27_em_106.bmp,38594,38594,449,83,449,83,L,L,b61eac54cf82636b6a31dde1eb44d5a8b73cdc024538248e5ce1c67539a48db2,b61eac54cf82636b6a31dde1eb44d5a8b73cdc024538248e5ce1c67539a48db2,True,True,True,0.0,0,True,True
27_em_107,27_em_107_0.bmp,27_em_107.bmp,42838,42838,347,120,347,120,L,L,578cce0650a7c1cdf7570e45ece200d7c2113e36f0f31dec2b999ba5e53873b7,578cce0650a7c1cdf7570e45ece200d7c2113e36f0f31dec2b999ba5e53873b7,True,True,True,0.0,0,True,True
27_em_108,27_em_108_0.bmp,27_em_108.bmp,7478,7478,97,64,97,64,L,L,00a8a5ce87778ef9cfccad6d6dc727e6f1cd11419b0fea375c86bd2699b519d2,00a8a5ce87778ef9cfccad6d6dc727e6f1cd11419b0fea375c86bd2699b519d2,True,True,True,0.0,0,True,True
27_em_109,27_em_109_0.bmp,27_em_109.bmp,35530,35530,345,99,345,99,L,L,edccaae30d9017ac03e02d6e47b2a311ac1a8a170ad9bc74c62a43174d896077,edccaae30d9017ac03e02d6e47b2a311ac1a8a170ad9bc74c62a43174d896077,True,True,True,0.0,0,True,True
27_em_110,27_em_110_0.bmp,27_em_110.bmp,39454,39454,491,78,491,78,L,L,b4eb5cfb0044f0224bc676ed5332b3393886845e0b10767577c4422543ed04f1,b4eb5cfb0044f0224bc676ed5332b3393886845e0b10767577c4422543ed04f1,True,True,True,0.0,0,True,True
27_em_111,27_em_111_0.bmp,27_em_111.bmp,100782,100782,821,121,821,121,L,L,3b4c1d885116b2f43e9023e3e59e201395fe52454b63a36498858ab2c9ff3eec,3b4c1d885116b2f43e9023e3e59e201395fe52454b63a36498858ab2c9ff3eec,True,True,True,0.0,0,True,True
27_em_112,27_em_112_0.bmp,27_em_112.bmp,5366,5366,64,67,64,67,L,L,44f99a643d5862990dcd9539b1a4ffb35c75c0bd8eb3d1186cca5178166d7ad5,44f99a643d5862990dcd9539b1a4ffb35c75c0bd8eb3d1186cca5178166d7ad5,True,True,True,0.0,0,True,True
27_em_113,27_em_113_0.bmp,27_em_113.bmp,49354,49354,321,149,321,149,L,L,05fc65ceb3e882730d990a6ef3b4c7b016d593c60005d992dd5f3b38e9aa342f,05fc65ceb3e882730d990a6ef3b4c7b016d593c60005d992dd5f3b38e9aa342f,True,True,True,0.0,0,True,True
27_em_114,27_em_114_0.bmp,27_em_114.bmp,24014,24014,186,122,186,122,L,L,22211d8cf022a4b057c16b8f37bc4c6ee96e6956f6602ccfdfa4e21b0a869171,22211d8cf022a4b057c16b8f37bc4c6ee96e6956f6602ccfdfa4e21b0a869171,True,True,True,0.0,0,True,True
27_em_115,27_em_115_0.bmp,27_em_115.bmp,6198,6198,79,64,79,64,L,L,4805ec6d936516a3b0577d0e49892360e3b346a06286cee72544f7bd877836fe,4805ec6d936516a3b0577d0e49892360e3b346a06286cee72544f7bd877836fe,True,True,True,0.0,0,True,True
27_em_116,27_em_116_0.bmp,27_em_116.bmp,40858,40858,468,85,468,85,L,L,7f92815f5765c1dc46d81f929b1f190217de876818111a1fc30c736fefdc0a94,7f92815f5765c1dc46d81f929b1f190217de876818111a1fc30c736fefdc0a94,True,True,True,0.0,0,True,True
27_em_117,27_em_117_0.bmp,27_em_117.bmp,53214,53214,529,98,529,98,L,L,e31e437fbed0413ca3f3f4a493e30500005eff88763516a8a615bd8810e234b8,e31e437fbed0413ca3f3f4a493e30500005eff88763516a8a615bd8810e234b8,True,True,True,0.0,0,True,True
27_em_118,27_em_118_0.bmp,27_em_118.bmp,19222,19222,213,84,213,84,L,L,7e41f84827f8b77295003b8c5e2524690fb7d9a6bb3ed348ff9e6ee306fc2bd2,7e41f84827f8b77295003b8c5e2524690fb7d9a6bb3ed348ff9e6ee306fc2bd2,True,True,True,0.0,0,True,True
27_em_119,27_em_119_0.bmp,27_em_119.bmp,12774,12774,169,68,169,68,L,L,c48f969ee9ea068f24656e2389db3e2f024ba5800e58b3d6aa5c1845577cc2e5,c48f969ee9ea068f24656e2389db3e2f024ba5800e58b3d6aa5c1845577cc2e5,True,True,True,0.0,0,True,True
27_em_120,27_em_120_0.bmp,27_em_120.bmp,5758,5758,69,65,69,65,L,L,e01fb20fd7663ebe4f65ada33db020c756cff250bc9a0e2bf9bcf8e813bf7404,e01fb20fd7663ebe4f65ada33db020c756cff250bc9a0e2bf9bcf8e813bf7404,True,True,True,0.0,0,True,True
27_em_121,27_em_121_0.bmp,27_em_121.bmp,80658,80658,692,115,692,115,L,L,d1ecf42ce65c5ed5f165bd77d666c851521dfafc4809addc38248596b585b891,d1ecf42ce65c5ed5f165bd77d666c851521dfafc4809addc38248596b585b891,True,True,True,0.0,0,True,True
27_em_122,27_em_122_0.bmp,27_em_122.bmp,11246,11246,123,82,123,82,L,L,9511081b89f7e5e804404208761ae7b6f4c31536b942001104fad842ce27b096,9511081b89f7e5e804404208761ae7b6f4c31536b942001104fad842ce27b096,True,True,True,0.0,0,True,True
27_em_123,27_em_123_0.bmp,27_em_123.bmp,18622,18622,170,102,170,102,L,L,25f6f1ca5800c86c495444906a1e36d6f1448256029a12e2d6a77a17ebfa8d92,25f6f1ca5800c86c495444906a1e36d6f1448256029a12e2d6a77a17ebfa8d92,True,True,True,0.0,0,True,True
27_em_124,27_em_124_0.bmp,27_em_124.bmp,20458,20458,201,95,201,95,L,L,e284715b13e853a91e0e5c5c324c40a4a20f7c28334c036527886bfb8caed941,e284715b13e853a91e0e5c5c324c40a4a20f7c28334c036527886bfb8caed941,True,True,True,0.0,0,True,True
28_em_125,28_em_125_0.bmp,28_em_125.bmp,38526,38526,248,151,248,151,L,L,149417df766f1b91480355245b151c4f9a4828eeb0ffc129267ecec35e4b6ef5,149417df766f1b91480355245b151c4f9a4828eeb0ffc129267ecec35e4b6ef5,True,True,True,0.0,0,True,True
28_em_126,28_em_126_0.bmp,28_em_126.bmp,70738,70738,324,215,324,215,L,L,a9a5c3328988ede5a58ad9dad38835341a7ed8f4f70fff7916c6a8401ef5d7cc,a9a5c3328988ede5a58ad9dad38835341a7ed8f4f70fff7916c6a8401ef5d7cc,True,True,True,0.0,0,True,True
28_em_127,28_em_127_0.bmp,28_em_127.bmp,17094,17094,208,77,208,77,L,L,225bf29f98e3c0713198cddd7706f00ca7d0ba1ce31a8091bd3abc48fc2e746b,225bf29f98e3c0713198cddd7706f00ca7d0ba1ce31a8091bd3abc48fc2e746b,True,True,True,0.0,0,True,True
28_em_128,28_em_128_0.bmp,28_em_128.bmp,115078,115078,599,190,599,190,L,L,927d9e748e2811a94eb2a30495f04adf640c97eb70e3e764a645564fa0481043,927d9e748e2811a94eb2a30495f04adf640c97eb70e3e764a645564fa0481043,True,True,True,0.0,0,True,True
28_em_129,28_em_129_0.bmp,28_em_129.bmp,33418,33418,308,105,308,105,L,L,47ff25bfa548f58772ab85f8ca201e8cbdc5ddb51284f7b5a35cd2989c56024f,47ff25bfa548f58772ab85f8ca201e8cbdc5ddb51284f7b5a35cd2989c56024f,True,True,True,0.0,0,True,True
28_em_130,28_em_130_0.bmp,28_em_130.bmp,58422,58422,509,112,509,112,L,L,512c27bb8495f523e727d22b2c7f8ac8dbd9a9bd3321d29d15ceacb4f2a6d3ab,512c27bb8495f523e727d22b2c7f8ac8dbd9a9bd3321d29d15ceacb4f2a6d3ab,True,True,True,0.0,0,True,True
28_em_131,28_em_131_0.bmp,28_em_131.bmp,44306,44306,426,101,426,101,L,L,dff91e8b01b49822f958e189eec43ca89b268b0e3bd60eb295e58d8f75c3d263,dff91e8b01b49822f958e189eec43ca89b268b0e3bd60eb295e58d8f75c3d263,True,True,True,0.0,0,True,True
28_em_132,28_em_132_0.bmp,28_em_132.bmp,6706,6706,82,67,82,67,L,L,50e4614717af162659b7aa0624b25ad74aed5d99055e5ba680d73c04b4b31c77,50e4614717af162659b7aa0624b25ad74aed5d99055e5ba680d73c04b4b31c77,True,True,True,0.0,0,True,True
28_em_133,28_em_133_0.bmp,28_em_133.bmp,38878,38878,357,105,357,105,L,L,898ea1a230ffa177f45ba54212a3796ec7c0487bd0f2abd38655fff7bcce3640,898ea1a230ffa177f45ba54212a3796ec7c0487bd0f2abd38655fff7bcce3640,True,True,True,0.0,0,True,True
28_em_134,28_em_134_0.bmp,28_em_134.bmp,28534,28534,191,143,191,143,L,L,2f0ddb826b62219fbb422e9d8f4700ac6c05f2123631b893c7406f969da6154b,2f0ddb826b62219fbb422e9d8f4700ac6c05f2123631b893c7406f969da6154b,True,True,True,0.0,0,True,True
28_em_135,28_em_135_0.bmp,28_em_135.bmp,54326,54326,414,128,414,128,L,L,3be29df7d3af9e5dc43c0fea3292c76e697ee2344f899f8fb41f858856bb796f,3be29df7d3af9e5dc43c0fea3292c76e697ee2344f899f8fb41f858856bb796f,True,True,True,0.0,0,True,True
28_em_136,28_em_136_0.bmp,28_em_136.bmp,13030,13030,144,83,144,83,L,L,049d16ca4f09af6cfb14f141dbdea0b20ad8f69aa99c74a04fdc6342795e582d,049d16ca4f09af6cfb14f141dbdea0b20ad8f69aa99c74a04fdc6342795e582d,True,True,True,0.0,0,True,True
28_em_137,28_em_137_0.bmp,28_em_137.bmp,98422,98422,829,117,829,117,L,L,39813630038ae9e964e23ed9757c3e2d0d633be6b859237ef449d100401696d4,39813630038ae9e964e23ed9757c3e2d0d633be6b859237ef449d100401696d4,True,True,True,0.0,0,True,True
28_em_138,28_em_138_0.bmp,28_em_138.bmp,7078,7078,80,75,80,75,L,L,673e76042bfff0de7f89bd7258b498eded4479ab27a67e536f97fe8b71ff074b,673e76042bfff0de7f89bd7258b498eded4479ab27a67e536f97fe8b71ff074b,True,True,True,0.0,0,True,True
28_em_139,28_em_139_0.bmp,28_em_139.bmp,62902,62902,641,96,641,96,L,L,703a33a087628a73c956c8c83b33a71c5dfcc83a39a53139e93ea167b25b84b6,703a33a087628a73c956c8c83b33a71c5dfcc83a39a53139e93ea167b25b84b6,True,True,True,0.0,0,True,True
28_em_140,28_em_140_0.bmp,28_em_140.bmp,48958,48958,501,95,501,95,L,L,5c91d85695530b7f760a94c92a1e0ec26c37c850fab6291f69266380adc93e05,5c91d85695530b7f760a94c92a1e0ec26c37c850fab6291f69266380adc93e05,True,True,True,0.0,0,True,True
28_em_141,28_em_141_0.bmp,28_em_141.bmp,25270,25270,190,126,190,126,L,L,e58ce0805df5a5d5c3f58dfd5c898da559444f9e20996035d1fa2a7d40e1d5be,e58ce0805df5a5d5c3f58dfd5c898da559444f9e20996035d1fa2a7d40e1d5be,True,True,True,0.0,0,True,True
28_em_142,28_em_142_0.bmp,28_em_142.bmp,32554,32554,243,129,243,129,L,L,de9a7cba87f82f6f1d0a5ab85c427043d621a1cb362f1262a1060be73c4b6dee,de9a7cba87f82f6f1d0a5ab85c427043d621a1cb362f1262a1060be73c4b6dee,True,True,True,0.0,0,True,True
28_em_143,28_em_143_0.bmp,28_em_143.bmp,20934,20934,271,73,271,73,L,L,66676f5b603eb0569407e47df15be8c2876c2c2dca8436eacd73ba4c7fe5c5e3,66676f5b603eb0569407e47df15be8c2876c2c2dca8436eacd73ba4c7fe5c5e3,True,True,True,0.0,0,True,True
28_em_144,28_em_144_0.bmp,28_em_144.bmp,27286,27286,208,126,208,126,L,L,a897ef47692ba24c7efc64f746c2e840b92e4fd1bbdeb237de2e940ca726efd0,a897ef47692ba24c7efc64f746c2e840b92e4fd1bbdeb237de2e940ca726efd0,True,True,True,0.0,0,True,True
28_em_145,28_em_145_0.bmp,28_em_145.bmp,24142,24142,245,93,245,93,L,L,5f9e80b83a1a3e2d68af14bd160ac6a35f7398401f964a484c54376bfae02170,5f9e80b83a1a3e2d68af14bd160ac6a35f7398401f964a484c54376bfae02170,True,True,True,0.0,0,True,True
28_em_146,28_em_146_0.bmp,28_em_146.bmp,13222,13222,131,92,131,92,L,L,06f5c84e972e1f0e71ac7f0b6483757f59cd60c94989eed0efc7c93bdcaf8930,06f5c84e972e1f0e71ac7f0b6483757f59cd60c94989eed0efc7c93bdcaf8930,True,True,True,0.0,0,True,True
28_em_147,28_em_147_0.bmp,28_em_147.bmp,6798,6798,87,65,87,65,L,L,7bb682f50cf1cc902e4f211304d440385641b0a4cad30e501ec9d23a22ba9356,7bb682f50cf1cc902e4f211304d440385641b0a4cad30e501ec9d23a22ba9356,True,True,True,0.0,0,True,True
28_em_148,28_em_148_0.bmp,28_em_148.bmp,38230,38230,432,86,432,86,L,L,39453f28f4d82b1fa2c1cbdc7d76f173fda603f40c1fa61761e8bd03ce845dcf,39453f28f4d82b1fa2c1cbdc7d76f173fda603f40c1fa61761e8bd03ce845dcf,True,True,True,0.0,0,True,True
28_em_149,28_em_149_0.bmp,28_em_149.bmp,72198,72198,507,140,507,140,L,L,519040c5bf477a1345b9b56af69e1b896f14370b31075df7c6bf054fc16e6355,519040c5bf477a1345b9b56af69e1b896f14370b31075df7c6bf054fc16e6355,True,True,True,0.0,0,True,True
29_em_150,29_em_150_0.bmp,29_em_150.bmp,8978,8978,100,79,100,79,L,L,dd637fc7dae3cc6232164487a7c90a0f4065f633cd09d3f7f5c79230fb6e9b54,dd637fc7dae3cc6232164487a7c90a0f4065f633cd09d3f7f5c79230fb6e9b54,True,True,True,0.0,0,True,True
29_em_151,29_em_151_0.bmp,29_em_151.bmp,7210,7210,84,73,84,73,L,L,1cc91696266b6f6a6f21867ee9def678e30e2f101054038a70403dc3f59a9218,1cc91696266b6f6a6f21867ee9def678e30e2f101054038a70403dc3f59a9218,True,True,True,0.0,0,True,True
29_em_152,29_em_152_0.bmp,29_em_152.bmp,17598,17598,234,70,234,70,L,L,29bf5b6952afa838aef975cdec727e5ff7a10c77a92ae7326fb9ac39933f655d,29bf5b6952afa838aef975cdec727e5ff7a10c77a92ae7326fb9ac39933f655d,True,True,True,0.0,0,True,True
29_em_153,29_em_153_0.bmp,29_em_153.bmp,59502,59502,536,109,536,109,L,L,29e2ee8448a6009eed16a8c4020754a1cc0b5a85d64a9545418d21961b605496,29e2ee8448a6009eed16a8c4020754a1cc0b5a85d64a9545418d21961b605496,True,True,True,0.0,0,True,True
29_em_154,29_em_154_0.bmp,29_em_154.bmp,31102,31102,215,139,215,139,L,L,a3cae69207da952a82315bb216a7cd74419cf9cd0625625130f850dac8a3d3ca,a3cae69207da952a82315bb216a7cd74419cf9cd0625625130f850dac8a3d3ca,True,True,True,0.0,0,True,True
29_em_155,29_em_155_0.bmp,29_em_155.bmp,34462,34462,310,107,310,107,L,L,97a8bd3b5398fa355cfdcbd36b2c32d84b7ef6c8d81ca9456bf310504e9f4560,97a8bd3b5398fa355cfdcbd36b2c32d84b7ef6c8d81ca9456bf310504e9f4560,True,True,True,0.0,0,True,True
29_em_156,29_em_156_0.bmp,29_em_156.bmp,18718,18718,193,90,193,90,L,L,2a839da6677ee4a6c1602c100f0a65cdfd106b4cc0178fe62259ec0b1794bf04,2a839da6677ee4a6c1602c100f0a65cdfd106b4cc0178fe62259ec0b1794bf04,True,True,True,0.0,0,True,True
29_em_157,29_em_157_0.bmp,29_em_157.bmp,12694,12694,130,88,130,88,L,L,2d545b09732e5db3b76330386b0b8b8b9696730c00fdac8e123571327d335962,2d545b09732e5db3b76330386b0b8b8b9696730c00fdac8e123571327d335962,True,True,True,0.0,0,True,True
29_em_158,29_em_158_0.bmp,29_em_158.bmp,65590,65590,576,112,576,112,L,L,53bf5c9f327f979a4cebfda390c59e0cfc1abc8c62d9f6c4e01b2aa2b6abb4fc,53bf5c9f327f979a4cebfda390c59e0cfc1abc8c62d9f6c4e01b2aa2b6abb4fc,True,True,True,0.0,0,True,True
29_em_159,29_em_159_0.bmp,29_em_159.bmp,5038,5038,70,55,70,55,L,L,18d52483c395ffb387ffd202debad71527ecb105ef425226615697d0f030733d,18d52483c395ffb387ffd202debad71527ecb105ef425226615697d0f030733d,True,True,True,0.0,0,True,True
29_em_160,29_em_160_0.bmp,29_em_160.bmp,20278,20278,240,80,240,80,L,L,53485884270a664dbeca343b0cff527cd8bfae8a45c5cf670a0cd3242f10811c,53485884270a664dbeca343b0cff527cd8bfae8a45c5cf670a0cd3242f10811c,True,True,True,0.0,0,True,True
29_em_161,29_em_161_0.bmp,29_em_161.bmp,26026,26026,250,99,250,99,L,L,f7899b1cd618e6953b990d09fa37ceae21e1d967f3e7af34455f3dea26b4a7c4,f7899b1cd618e6953b990d09fa37ceae21e1d967f3e7af34455f3dea26b4a7c4,True,True,True,0.0,0,True,True
29_em_162,29_em_162_0.bmp,29_em_162.bmp,25414,25414,154,156,154,156,L,L,45b20b1ac0b840e784114c02e37d64b9f2b793ba9a2570149cfe28b0c29430f3,45b20b1ac0b840e784114c02e37d64b9f2b793ba9a2570149cfe28b0c29430f3,True,True,True,0.0,0,True,True
29_em_163,29_em_163_0.bmp,29_em_163.bmp,26642,26642,331,77,331,77,L,L,13a34f205ad2869c0fd8b15d88ea44dcfe5c3a0fe68cc58c24bbc7fbe4700614,13a34f205ad2869c0fd8b15d88ea44dcfe5c3a0fe68cc58c24bbc7fbe4700614,True,True,True,0.0,0,True,True
29_em_164,29_em_164_0.bmp,29_em_164.bmp,15154,15154,203,69,203,69,L,L,fe66ad34eff7d2ad27763b5aa3b1eb9a5c3f314e12b02c7905888b44db25be89,fe66ad34eff7d2ad27763b5aa3b1eb9a5c3f314e12b02c7905888b44db25be89,True,True,True,0.0,0,True,True
29_em_165,29_em_165_0.bmp,29_em_165.bmp,65446,65446,596,108,596,108,L,L,8eb86565ca4f74e9028754bd054ec4f6bbaf1d1c28008b880fb02e687554700c,8eb86565ca4f74e9028754bd054ec4f6bbaf1d1c28008b880fb02e687554700c,True,True,True,0.0,0,True,True
29_em_166,29_em_166_0.bmp,29_em_166.bmp,43274,43274,305,137,305,137,L,L,c23ebcd3fd09a889d254180cb7452f82768987be4005122a2aa21a5ffa506c0b,c23ebcd3fd09a889d254180cb7452f82768987be4005122a2aa21a5ffa506c0b,True,True,True,0.0,0,True,True
29_em_167,29_em_167_0.bmp,29_em_167.bmp,85318,85318,717,117,717,117,L,L,9265de0a5166282c34326e640273a744ca3f9fa967bf287d4b2fd1f13569de5e,9265de0a5166282c34326e640273a744ca3f9fa967bf287d4b2fd1f13569de5e,True,True,True,0.0,0,True,True
29_em_169,29_em_169_0.bmp,29_em_169.bmp,39702,39702,271,142,271,142,L,L,df9cb24e71fd272275a401d0719f5ddc6425ea30f7d1896366485ddd44cda44d,df9cb24e71fd272275a401d0719f5ddc6425ea30f7d1896366485ddd44cda44d,True,True,True,0.0,0,True,True
29_em_170,29_em_170_0.bmp,29_em_170.bmp,13846,13846,165,76,165,76,L,L,0d6e4f1d400883e2d5f05182eaaa5ff8aaba2c0c4f8ab72bc0fc2fc0742dbc48,0d6e4f1d400883e2d5f05182eaaa5ff8aaba2c0c4f8ab72bc0fc2fc0742dbc48,True,True,True,0.0,0,True,True
29_em_171,29_em_171_0.bmp,29_em_171.bmp,39454,39454,325,117,325,117,L,L,253f575419f2b97fad9387c2d6df543938140d4ee479fb7d03f6c162b59b11a2,253f575419f2b97fad9387c2d6df543938140d4ee479fb7d03f6c162b59b11a2,True,True,True,0.0,0,True,True
29_em_172,29_em_172_0.bmp,29_em_172.bmp,15582,15582,193,74,193,74,L,L,50f6c56315b32f79f63a78ce2ff265de2b3fd7dc3defacf37ad6e9ec9125138f,50f6c56315b32f79f63a78ce2ff265de2b3fd7dc3defacf37ad6e9ec9125138f,True,True,True,0.0,0,True,True
29_em_173,29_em_173_0.bmp,29_em_173.bmp,174130,174130,825,209,825,209,L,L,d4cd133031a8c4c676f151e651a75993c754b6e82c6f4a4899c7bb5a3161bdc2,d4cd133031a8c4c676f151e651a75993c754b6e82c6f4a4899c7bb5a3161bdc2,True,True,True,0.0,0,True,True
29_em_174,29_em_174_0.bmp,29_em_174.bmp,49742,49742,316,154,316,154,L,L,43cc6fa75f0286915adc42f423c214ce01cf3eaa2dfc0938a0be622cd9f0e735,43cc6fa75f0286915adc42f423c214ce01cf3eaa2dfc0938a0be622cd9f0e735,True,True,True,0.0,0,True,True
31_em_175,31_em_175_0.bmp,31_em_175.bmp,66042,66042,434,149,434,149,L,L,f51c1f7de69c48edf543925733acea3e3f3f40141069fda438f25f62a558f579,f51c1f7de69c48edf543925733acea3e3f3f40141069fda438f25f62a558f579,True,True,True,0.0,0,True,True
31_em_176,31_em_176_0.bmp,31_em_176.bmp,10474,10474,106,87,106,87,L,L,39804a8f2c986bf6ed475ffb3004b55188e897338f588f9b1a9f3b4e08d1affe,39804a8f2c986bf6ed475ffb3004b55188e897338f588f9b1a9f3b4e08d1affe,True,True,True,0.0,0,True,True
31_em_177,31_em_177_0.bmp,31_em_177.bmp,16182,16182,127,118,127,118,L,L,d742038c75cd6cbd44490a27ab51528ec33763af5e652112b54ac5dfc34358a0,d742038c75cd6cbd44490a27ab51528ec33763af5e652112b54ac5dfc34358a0,True,True,True,0.0,0,True,True
31_em_178,31_em_178_0.bmp,31_em_178.bmp,15182,15182,162,86,162,86,L,L,b7658dc09c46f9b53bb17c5be55c4b6e58e34daa9d80c3dab4bcceed2d09e667,b7658dc09c46f9b53bb17c5be55c4b6e58e34daa9d80c3dab4bcceed2d09e667,True,True,True,0.0,0,True,True
31_em_180,31_em_180_0.bmp,31_em_180.bmp,115782,115782,855,134,855,134,L,L,13c9eaa3331b121fe1534db8a3d30bfba62aa0c26361b523e6cf4cb6eaa4c363,13c9eaa3331b121fe1534db8a3d30bfba62aa0c26361b523e6cf4cb6eaa4c363,True,True,True,0.0,0,True,True
31_em_181,31_em_181_0.bmp,31_em_181.bmp,87338,87338,379,227,379,227,L,L,7ea1a6da030453f31bac1ab5901b4ff3ce4124b5f5813a835caa0821bd5dc2d4,7ea1a6da030453f31bac1ab5901b4ff3ce4124b5f5813a835caa0821bd5dc2d4,True,True,True,0.0,0,True,True
31_em_182,31_em_182_0.bmp,31_em_182.bmp,51622,51622,430,117,430,117,L,L,579c4ae5230b7711f7ca105d0fdbe10f1991a178c88009ba311ed2e12574719f,579c4ae5230b7711f7ca105d0fdbe10f1991a178c88009ba311ed2e12574719f,True,True,True,0.0,0,True,True
31_em_183,31_em_183_0.bmp,31_em_183.bmp,32382,32382,344,91,344,91,L,L,57e8286d69eca551e5958b67a7f640e100c9b22300c20c0ccd05884be8ec7cae,57e8286d69eca551e5958b67a7f640e100c9b22300c20c0ccd05884be8ec7cae,True,True,True,0.0,0,True,True
31_em_184,31_em_184_0.bmp,31_em_184.bmp,77398,77398,422,180,422,180,L,L,9ee8b501800570608d68514d324d8a5bb00bfcb473cd1b2fba49fc7b10dd5438,9ee8b501800570608d68514d324d8a5bb00bfcb473cd1b2fba49fc7b10dd5438,True,True,True,0.0,0,True,True
31_em_185,31_em_185_0.bmp,31_em_185.bmp,26358,26358,318,79,318,79,L,L,f75a4643f1101c6534737d4a23681ab4ed56766b7cbd09762bc34f0c1830a6c7,f75a4643f1101c6534737d4a23681ab4ed56766b7cbd09762bc34f0c1830a6c7,True,True,True,0.0,0,True,True
31_em_187,31_em_187_0.bmp,31_em_187.bmp,6878,6878,98,58,98,58,L,L,ac51df2389c79b5ff87bd0b81dc7b38c20b784ca142b63bc00a5dc204eb720ae,ac51df2389c79b5ff87bd0b81dc7b38c20b784ca142b63bc00a5dc204eb720ae,True,True,True,0.0,0,True,True
31_em_188,31_em_188_0.bmp,31_em_188.bmp,162678,162678,800,202,800,202,L,L,775fb7110a093886da51444e66007a82e03f6bb0c61cbb0fb3351282baed8d9c,775fb7110a093886da51444e66007a82e03f6bb0c61cbb0fb3351282baed8d9c,True,True,True,0.0,0,True,True
31_em_189,31_em_189_0.bmp,31_em_189.bmp,9130,9130,131,61,131,61,L,L,d14a9b7b9089be294a4886879cc5600409b8abbb2ef04c6c6725bf1b46302e9a,d14a9b7b9089be294a4886879cc5600409b8abbb2ef04c6c6725bf1b46302e9a,True,True,True,0.0,0,True,True
31_em_190,31_em_190_0.bmp,31_em_190.bmp,106954,106954,611,173,611,173,L,L,2264bf9bf486a4cf2dafbb9265d1226be1c68e17db8ef541d5f6a992005bbc36,2264bf9bf486a4cf2dafbb9265d1226be1c68e17db8ef541d5f6a992005bbc36,True,True,True,0.0,0,True,True
31_em_191,31_em_191_0.bmp,31_em_191.bmp,52738,52738,251,205,251,205,L,L,9326f6a792ae04697c59116c52b5fac1ce162c9d05166b5b4fbebcdab32e665f,9326f6a792ae04697c59116c52b5fac1ce162c9d05166b5b4fbebcdab32e665f,True,True,True,0.0,0,True,True
31_em_192,31_em_192_0.bmp,31_em_192.bmp,24998,24998,184,130,184,130,L,L,5c306c0e5052cd1aa4d82d4d593b46d67340e9d6cf33c63d82cd681e41fb3780,5c306c0e5052cd1aa4d82d4d593b46d67340e9d6cf33c63d82cd681e41fb3780,True,True,True,0.0,0,True,True
31_em_193,31_em_193_0.bmp,31_em_193.bmp,70030,70030,673,102,673,102,L,L,0eb86b1784f2cc192dffad90c127e0673a7055515fcecc85a4e8ca7fde9d7962,0eb86b1784f2cc192dffad90c127e0673a7055515fcecc85a4e8ca7fde9d7962,True,True,True,0.0,0,True,True
31_em_194,31_em_194_0.bmp,31_em_194.bmp,40466,40466,170,229,170,229,L,L,3cfa0d6427b1841a394af795669996be88fd5e51a4f85ec38a54c9cc7a1ef31c,3cfa0d6427b1841a394af795669996be88fd5e51a4f85ec38a54c9cc7a1ef31c,True,True,True,0.0,0,True,True
31_em_195,31_em_195_0.bmp,31_em_195.bmp,120026,120026,905,131,905,131,L,L,d7f801fbfcc5bae6b172f4090df927a492df0e41160ab0887230437e844b38ff,d7f801fbfcc5bae6b172f4090df927a492df0e41160ab0887230437e844b38ff,True,True,True,0.0,0,True,True
31_em_196,31_em_196_0.bmp,31_em_196.bmp,123478,123478,720,170,720,170,L,L,aef572a17aea9bd3090319664c0ede877b6071abbce2b063b68a8fea975465ed,aef572a17aea9bd3090319664c0ede877b6071abbce2b063b68a8fea975465ed,True,True,True,0.0,0,True,True
31_em_197,31_em_197_0.bmp,31_em_197.bmp,53962,53962,465,113,465,113,L,L,a32833b84376c19a9edc6686908f33debe53e02e69927655dab62d65c231438a,a32833b84376c19a9edc6686908f33debe53e02e69927655dab62d65c231438a,True,True,True,0.0,0,True,True
31_em_198,31_em_198_0.bmp,31_em_198.bmp,45622,45622,383,116,383,116,L,L,b183ef3b0f96f5c1455cbec34131d54afc9f275bfdeb2e2aebca02c797d4c664,b183ef3b0f96f5c1455cbec34131d54afc9f275bfdeb2e2aebca02c797d4c664,True,True,True,0.0,0,True,True
31_em_199,31_em_199_0.bmp,31_em_199.bmp,62910,62910,523,118,523,118,L,L,d400526f974e69b6d831c7425baf8ffbd46d38e0d3f141600b0a821fd5c3de26,d400526f974e69b6d831c7425baf8ffbd46d38e0d3f141600b0a821fd5c3de26,True,True,True,0.0,0,True,True
32_em_200,32_em_200_0.bmp,32_em_200.bmp,22762,22762,154,139,154,139,L,L,5203b99d91242035b90c6ed2b69e03342fda9d104acc68e950cb7029f37a2d12,5203b99d91242035b90c6ed2b69e03342fda9d104acc68e950cb7029f37a2d12,True,True,True,0.0,0,True,True
32_em_201,32_em_201_0.bmp,32_em_201.bmp,53858,53858,361,145,361,145,L,L,48456ac5b3c326e4d83b0b14257d3e30c3a8b66605c3459ee8a68cee58356b79,48456ac5b3c326e4d83b0b14257d3e30c3a8b66605c3459ee8a68cee58356b79,True,True,True,0.0,0,True,True
32_em_202,32_em_202_0.bmp,32_em_202.bmp,19030,19030,270,66,270,66,L,L,ada837aee5063366fb1347fa44c1c49ef1e605bb67a95e049efda78b053617f3,ada837aee5063366fb1347fa44c1c49ef1e605bb67a95e049efda78b053617f3,True,True,True,0.0,0,True,True
32_em_203,32_em_203_0.bmp,32_em_203.bmp,6678,6678,78,70,78,70,L,L,2437074785845ac2095f4ad0a390fdc07db86a62f5d5a857a0abb0ba8b848fee,2437074785845ac2095f4ad0a390fdc07db86a62f5d5a857a0abb0ba8b848fee,True,True,True,0.0,0,True,True
32_em_204,32_em_204_0.bmp,32_em_204.bmp,16718,16718,182,85,182,85,L,L,89f25c5823078416f284d6c2c8451b2cc691e83bb1e0bbd9b563d76c87735bbd,89f25c5823078416f284d6c2c8451b2cc691e83bb1e0bbd9b563d76c87735bbd,True,True,True,0.0,0,True,True
32_em_205,32_em_205_0.bmp,32_em_205.bmp,41038,41038,444,90,444,90,L,L,a1b152de958385a6dfa5abf5ea108eebb8b4d9de086aa91ea85e6fe96c8adca8,a1b152de958385a6dfa5abf5ea108eebb8b4d9de086aa91ea85e6fe96c8adca8,True,True,True,0.0,0,True,True
32_em_206,32_em_206_0.bmp,32_em_206.bmp,11518,11518,117,87,117,87,L,L,0f4e9a3dbc1bdf8c36e36fa78a89d5314167bb83b7f3fc7c69baa94f9d03d360,0f4e9a3dbc1bdf8c36e36fa78a89d5314167bb83b7f3fc7c69baa94f9d03d360,True,True,True,0.0,0,True,True
32_em_207,32_em_207_0.bmp,32_em_207.bmp,13542,13542,161,76,161,76,L,L,19c7fded1c04b70924a2230632b06e1a3d4fc28a5946b300e5f351010ebb0b57,19c7fded1c04b70924a2230632b06e1a3d4fc28a5946b300e5f351010ebb0b57,True,True,True,0.0,0,True,True
32_em_208,32_em_208_0.bmp,32_em_208.bmp,6042,6042,67,73,67,73,L,L,14c1e70937e009a949923c995bb65f16f7640bc0323ccdec89e2e4ae05cc9952,14c1e70937e009a949923c995bb65f16f7640bc0323ccdec89e2e4ae05cc9952,True,True,True,0.0,0,True,True
32_em_209,32_em_209_0.bmp,32_em_209.bmp,34438,34438,238,139,238,139,L,L,dc3a9434635b74641a31309c496dabe4096f7f23bf9dda082aef54e3567d0c32,dc3a9434635b74641a31309c496dabe4096f7f23bf9dda082aef54e3567d0c32,True,True,True,0.0,0,True,True
32_em_210,32_em_210_0.bmp,32_em_210.bmp,42886,42886,268,156,268,156,L,L,f64b1b2eb2efcd270913c9bd86d32504aadf40816053b063b66afa471a352b1d,f64b1b2eb2efcd270913c9bd86d32504aadf40816053b063b66afa471a352b1d,True,True,True,0.0,0,True,True
32_em_211,32_em_211_0.bmp,32_em_211.bmp,5758,5758,69,65,69,65,L,L,77d0a80fb1a0969e89a8dbe6035c305013d4e4660a1937f270f2332cde234921,77d0a80fb1a0969e89a8dbe6035c305013d4e4660a1937f270f2332cde234921,True,True,True,0.0,0,True,True
32_em_212,32_em_212_0.bmp,32_em_212.bmp,8766,8766,124,62,124,62,L,L,22b3c38c53f780cc40e9a6ec383b9c6969cde951eb3f662e310b048d5c399d94,22b3c38c53f780cc40e9a6ec383b9c6969cde951eb3f662e310b048d5c399d94,True,True,True,0.0,0,True,True
32_em_213,32_em_213_0.bmp,32_em_213.bmp,28302,28302,331,82,331,82,L,L,12fc24fb7154903d50303013769e3bca9c25406e2dad079f990a62e66117a43c,12fc24fb7154903d50303013769e3bca9c25406e2dad079f990a62e66117a43c,True,True,True,0.0,0,True,True
32_em_214,32_em_214_0.bmp,32_em_214.bmp,10906,10906,105,91,105,91,L,L,11a8ab48a04443b46ce51691b46a6d7a167576d946ac32ef7151e2440e98eb2a,11a8ab48a04443b46ce51691b46a6d7a167576d946ac32ef7151e2440e98eb2a,True,True,True,0.0,0,True,True
32_em_215,32_em_215_0.bmp,32_em_215.bmp,9606,9606,103,82,103,82,L,L,e394602a987cd11c9437cdc0a951f8e36a59a3c5cb2ad86084a0d73f072c85f2,e394602a987cd11c9437cdc0a951f8e36a59a3c5cb2ad86084a0d73f072c85f2,True,True,True,0.0,0,True,True
32_em_216,32_em_216_0.bmp,32_em_216.bmp,11998,11998,166,65,166,65,L,L,7d0ec19375291403754af72bb9bb38ffe0388942692560ae3042d8bbe708445e,7d0ec19375291403754af72bb9bb38ffe0388942692560ae3042d8bbe708445e,True,True,True,0.0,0,True,True
32_em_217,32_em_217_0.bmp,32_em_217.bmp,6094,6094,87,57,87,57,L,L,86a346294f0bc98d87acf96b6cce81194418b81da325ee047bcca44a17473428,86a346294f0bc98d87acf96b6cce81194418b81da325ee047bcca44a17473428,True,True,True,0.0,0,True,True
32_em_218,32_em_218_0.bmp,32_em_218.bmp,21814,21814,254,81,254,81,L,L,54f0bfb58985c64bc48bb100b3b60c7276fa178e509db87204000a803ea2ca7f,54f0bfb58985c64bc48bb100b3b60c7276fa178e509db87204000a803ea2ca7f,True,True,True,0.0,0,True,True
32_em_219,32_em_219_0.bmp,32_em_219.bmp,24262,24262,250,92,250,92,L,L,9b319ea963d0532d5a3180fe3650cb572d5afc5366d2879f8a33afcf9e763027,9b319ea963d0532d5a3180fe3650cb572d5afc5366d2879f8a33afcf9e763027,True,True,True,0.0,0,True,True
32_em_220a,32_em_220a_0.bmp,32_em_220a.bmp,55430,55430,632,86,632,86,L,L,1df82a0b79780b84e7a01c2be778dd54aa88adfd6d80513abcb9fc7904925f4c,1df82a0b79780b84e7a01c2be778dd54aa88adfd6d80513abcb9fc7904925f4c,True,True,True,0.0,0,True,True
32_em_220b,32_em_220b_0.bmp,32_em_220b.bmp,51578,51578,498,101,498,101,L,L,8c7bc3e7041581239b550eec0b41b21f3ee47447b786fb1052a488b2b407bc8a,8c7bc3e7041581239b550eec0b41b21f3ee47447b786fb1052a488b2b407bc8a,True,True,True,0.0,0,True,True
32_em_220c,32_em_220c_0.bmp,32_em_220c.bmp,35530,35530,345,99,345,99,L,L,b5da2664a0b0880c716fe9cbf86b10a5347aa0859d5006072d3b79cbc8374a84,b5da2664a0b0880c716fe9cbf86b10a5347aa0859d5006072d3b79cbc8374a84,True,True,True,0.0,0,True,True
32_em_221,32_em_221_0.bmp,32_em_221.bmp,12598,12598,141,80,141,80,L,L,0fe621f943f1c94fffb37b208d4d90ea084888bd90dc6da91bf48f3ba52bab7f,0fe621f943f1c94fffb37b208d4d90ea084888bd90dc6da91bf48f3ba52bab7f,True,True,True,0.0,0,True,True
32_em_222,32_em_222_0.bmp,32_em_222.bmp,29506,29506,275,103,275,103,L,L,709cf1176d4be2f3f85d5712ff820b27c0218e37ba4efad6c21ee58f6c1dd349,709cf1176d4be2f3f85d5712ff820b27c0218e37ba4efad6c21ee58f6c1dd349,True,True,True,0.0,0,True,True
32_em_223,32_em_223_0.bmp,32_em_223.bmp,6958,6958,81,70,81,70,L,L,77203e42671b326fa01f466dd49556937514a7e27ce49062e0703821eb07bc3d,77203e42671b326fa01f466dd49556937514a7e27ce49062e0703821eb07bc3d,True,True,True,0.0,0,True,True
32_em_224,32_em_224_0.bmp,32_em_224.bmp,21610,21610,234,87,234,87,L,L,af766c093a67510fb2a5ebf380bda2eac9d92d2987303f56c9925b0e48c7c966,af766c093a67510fb2a5ebf380bda2eac9d92d2987303f56c9925b0e48c7c966,True,True,True,0.0,0,True,True
34_em_225,34_em_225_0.bmp,34_em_225.bmp,47410,47410,465,99,465,99,L,L,1debe687e01aa8e23c02c133a2bd50da18645377b749386d6d3c44d6a339f692,1debe687e01aa8e23c02c133a2bd50da18645377b749386d6d3c44d6a339f692,True,True,True,0.0,0,True,True
34_em_226,34_em_226_0.bmp,34_em_226.bmp,8518,8518,119,62,119,62,L,L,a70081a5dfc565438bcc25addd0c59e704ca5600fe40dea524bf58ab3bc253cc,a70081a5dfc565438bcc25addd0c59e704ca5600fe40dea524bf58ab3bc253cc,True,True,True,0.0,0,True,True
34_em_227,34_em_227_0.bmp,34_em_227.bmp,8518,8518,123,60,123,60,L,L,17845fee97f4d9ec089f37a513cfc7830825c2b46f1f7893b9005416313d1e0e,17845fee97f4d9ec089f37a513cfc7830825c2b46f1f7893b9005416313d1e0e,True,True,True,0.0,0,True,True
34_em_228,34_em_228_0.bmp,34_em_228.bmp,11842,11842,155,69,155,69,L,L,7a596ebf2c6ed02dfde6d10dc33a5bd591ea71514ad7340213d4282c75ed2049,7a596ebf2c6ed02dfde6d10dc33a5bd591ea71514ad7340213d4282c75ed2049,True,True,True,0.0,0,True,True
34_em_229,34_em_229_0.bmp,34_em_229.bmp,5302,5302,64,66,64,66,L,L,a84b8b89bc47b0047fb4867141a0c23193fecadcf09fce659a6bdec1bf7f2ac5,a84b8b89bc47b0047fb4867141a0c23193fecadcf09fce659a6bdec1bf7f2ac5,True,True,True,0.0,0,True,True
34_em_230,34_em_230_0.bmp,34_em_230.bmp,47014,47014,464,99,464,99,L,L,2bf1f386bf44441e5bedac4efe23dfa9d1671cf1cc326c9432b2cfc4220c5325,2bf1f386bf44441e5bedac4efe23dfa9d1671cf1cc326c9432b2cfc4220c5325,True,True,True,0.0,0,True,True
34_em_231,34_em_231_0.bmp,34_em_231.bmp,19870,19870,231,81,231,81,L,L,2190ecb7655cbc31f1c9187aacc7f0b61d5bf6a8c87061390af0f40c2f2dbd3f,2190ecb7655cbc31f1c9187aacc7f0b61d5bf6a8c87061390af0f40c2f2dbd3f,True,True,True,0.0,0,True,True
34_em_232,34_em_232_0.bmp,34_em_232.bmp,20118,20118,222,85,222,85,L,L,d86d750e6d7094bd20affc404776b5d14de38b24d3e6a5a6d7648ee33199344c,d86d750e6d7094bd20affc404776b5d14de38b24d3e6a5a6d7648ee33199344c,True,True,True,0.0,0,True,True
34_em_233,34_em_233_0.bmp,34_em_233.bmp,17206,17206,222,72,222,72,L,L,3470bbce706c29cfc4e797aac157b1cf6a80a900f7c78788fd1071ca7396e337,3470bbce706c29cfc4e797aac157b1cf6a80a900f7c78788fd1071ca7396e337,True,True,True,0.0,0,True,True
34_em_234,34_em_234_0.bmp,34_em_234.bmp,50098,50098,377,129,377,129,L,L,88da78ef330d094aa8ec9d3a1b6d7ce5303ede1371f2610f7fad820b40a0cb62,88da78ef330d094aa8ec9d3a1b6d7ce5303ede1371f2610f7fad820b40a0cb62,True,True,True,0.0,0,True,True
34_em_235,34_em_235_0.bmp,34_em_235.bmp,7126,7126,107,56,107,56,L,L,6f3feee348993f5f897f03132e867e3a80d9ef3b8c1f1727ed00dbc4e987d835,6f3feee348993f5f897f03132e867e3a80d9ef3b8c1f1727ed00dbc4e987d835,True,True,True,0.0,0,True,True
34_em_236,34_em_236_0.bmp,34_em_236.bmp,23198,23198,277,79,277,79,L,L,5bc9bfc24d0cb249df47b4d7cacd4763813f39ed1ba358b6a5aeefa757f0df7c,5bc9bfc24d0cb249df47b4d7cacd4763813f39ed1ba358b6a5aeefa757f0df7c,True,True,True,0.0,0,True,True
34_em_237,34_em_237_0.bmp,34_em_237.bmp,38866,38866,265,141,265,141,L,L,29671b08c7053fc481eb7f84585b9d6476e955b84808737187e29c6e19ffd5ff,29671b08c7053fc481eb7f84585b9d6476e955b84808737187e29c6e19ffd5ff,True,True,True,0.0,0,True,True
34_em_238,34_em_238_0.bmp,34_em_238.bmp,49558,49558,478,101,478,101,L,L,77e9db3f4c9c314ba8c1d79165766bbd5af195c69d0178e4e32801645fca28de,77e9db3f4c9c314ba8c1d79165766bbd5af195c69d0178e4e32801645fca28de,True,True,True,0.0,0,True,True
34_em_239,34_em_239_0.bmp,34_em_239.bmp,20566,20566,221,87,221,87,L,L,076f630a64d43d9f96de02572f028490eb9fce0223d275f6d3ae321970084348,076f630a64d43d9f96de02572f028490eb9fce0223d275f6d3ae321970084348,True,True,True,0.0,0,True,True
34_em_240,34_em_240_0.bmp,34_em_240.bmp,70678,70678,578,120,578,120,L,L,14955b3ed5194ad75da44913e5778978f5971e159e085b79d934044ac96f47ae,14955b3ed5194ad75da44913e5778978f5971e159e085b79d934044ac96f47ae,True,True,True,0.0,0,True,True
34_em_241,34_em_241_0.bmp,34_em_241.bmp,10294,10294,125,72,125,72,L,L,4c48fc34ae55a417449bee2070e4d75c9b2b7550f44d2ad3c0215bed9018d27b,4c48fc34ae55a417449bee2070e4d75c9b2b7550f44d2ad3c0215bed9018d27b,True,True,True,0.0,0,True,True
34_em_242,34_em_242_0.bmp,34_em_242.bmp,67666,67666,370,179,370,179,L,L,12a636bed5c17893935ade62eb563e559ebd7d4c770053100573d8e6534323f2,12a636bed5c17893935ade62eb563e559ebd7d4c770053100573d8e6534323f2,True,True,True,0.0,0,True,True
34_em_243,34_em_243_0.bmp,34_em_243.bmp,26210,26210,243,103,243,103,L,L,03f533a4eb128d9e65897020d6c3837605b908d7a27964ba642ac794d907794f,03f533a4eb128d9e65897020d6c3837605b908d7a27964ba642ac794d907794f,True,True,True,0.0,0,True,True
34_em_244,34_em_244_0.bmp,34_em_244.bmp,91798,91798,647,140,647,140,L,L,40b1ee678dcb35d273107978e79d8a1a2c17bf32df4d7fb95fb7cbc4d6cc83ad,40b1ee678dcb35d273107978e79d8a1a2c17bf32df4d7fb95fb7cbc4d6cc83ad,True,True,True,0.0,0,True,True
34_em_245,34_em_245_0.bmp,34_em_245.bmp,11830,11830,167,64,167,64,L,L,626c5025d7cea702884b60bcdc8bdd313e00a5461ed96a1032f932fe23fc4890,626c5025d7cea702884b60bcdc8bdd313e00a5461ed96a1032f932fe23fc4890,True,True,True,0.0,0,True,True
34_em_246,34_em_246_0.bmp,34_em_246.bmp,21538,21538,218,93,218,93,L,L,3552c858c94d700d51c457b8be04beaf9b6d1737a3871e5caba0ae0bcfc1afe2,3552c858c94d700d51c457b8be04beaf9b6d1737a3871e5caba0ae0bcfc1afe2,True,True,True,0.0,0,True,True
34_em_247,34_em_247_0.bmp,34_em_247.bmp,50206,50206,353,138,353,138,L,L,9899b934a3681c34c8cf28a9cae9e7f95f403d2e5ffe826b5e3d11ba5016bb2d,9899b934a3681c34c8cf28a9cae9e7f95f403d2e5ffe826b5e3d11ba5016bb2d,True,True,True,0.0,0,True,True
34_em_248,34_em_248_0.bmp,34_em_248.bmp,11734,11734,143,74,143,74,L,L,2d30acbdb05c09c05a34f09b8e74841d1778a2368ce6c2357f858b138031af8d,2d30acbdb05c09c05a34f09b8e74841d1778a2368ce6c2357f858b138031af8d,True,True,True,0.0,0,True,True
34_em_249,34_em_249_0.bmp,34_em_249.bmp,36154,36154,316,111,316,111,L,L,0c2d65c409fd254677804a87ff8a8c3d877534c493c01e17e9446a2f2e074aee,0c2d65c409fd254677804a87ff8a8c3d877534c493c01e17e9446a2f2e074aee,True,True,True,0.0,0,True,True
35_em_0,35_em_0_0.bmp,35_em_0.bmp,25894,25894,376,66,376,66,L,L,5a5e805cf3c8ffebbd9695001e488143b07c5391a104328efe0127cc1290785c,5a5e805cf3c8ffebbd9695001e488143b07c5391a104328efe0127cc1290785c,True,True,True,0.0,0,True,True
35_em_1,35_em_1_0.bmp,35_em_1.bmp,10502,10502,149,62,149,62,L,L,0507b0f8f053d7a1e4cb7edb022359735c8929214645cd40d3b1a1da29bace24,0507b0f8f053d7a1e4cb7edb022359735c8929214645cd40d3b1a1da29bace24,True,True,True,0.0,0,True,True
35_em_10,35_em_10_0.bmp,35_em_10.bmp,10438,10438,103,90,103,90,L,L,38358fa22a69522822b7d49b5480d0cdd0e33f9af023b579c5f92b77f8d46979,38358fa22a69522822b7d49b5480d0cdd0e33f9af023b579c5f92b77f8d46979,True,True,True,0.0,0,True,True
35_em_11,35_em_11_0.bmp,35_em_11.bmp,49354,49354,596,81,596,81,L,L,e75af9b08c3fc43193372223d9e1d2655c5cd2983f09319a47a50c93ebc7077e,e75af9b08c3fc43193372223d9e1d2655c5cd2983f09319a47a50c93ebc7077e,True,True,True,0.0,0,True,True
35_em_12,35_em_12_0.bmp,35_em_12.bmp,29230,29230,274,102,274,102,L,L,df812738e6ed9dce3113c671929adf37aa3cb9fe39a3e566ce6dd2a8bc5f8f63,df812738e6ed9dce3113c671929adf37aa3cb9fe39a3e566ce6dd2a8bc5f8f63,True,True,True,0.0,0,True,True
35_em_13,35_em_13_0.bmp,35_em_13.bmp,40518,40518,462,85,462,85,L,L,b79fe64a5d38bb0e3093fd7ff02a8c24d2ced9e7820d0c0fe2d91e477ca2a415,b79fe64a5d38bb0e3093fd7ff02a8c24d2ced9e7820d0c0fe2d91e477ca2a415,True,True,True,0.0,0,True,True
35_em_14,35_em_14_0.bmp,35_em_14.bmp,42042,42042,530,77,530,77,L,L,9ecff431f0ccd169a712f741d93d768d87a4193a2f9218b71663fa2b1536898c,9ecff431f0ccd169a712f741d93d768d87a4193a2f9218b71663fa2b1536898c,True,True,True,0.0,0,True,True
35_em_15,35_em_15_0.bmp,35_em_15.bmp,51318,51318,625,80,625,80,L,L,47f123c17d2e8fde625c4c7513e16ba85ba328192606faf2d72882698e337f9e,47f123c17d2e8fde625c4c7513e16ba85ba328192606faf2d72882698e337f9e,True,True,True,0.0,0,True,True
35_em_16,35_em_16_0.bmp,35_em_16.bmp,102830,102830,630,161,630,161,L,L,84111e94fdf263c61e665b8719dddb1fe5d19de529a6f422fba0e0127e8deab0,84111e94fdf263c61e665b8719dddb1fe5d19de529a6f422fba0e0127e8deab0,True,True,True,0.0,0,True,True
35_em_17,35_em_17_0.bmp,35_em_17.bmp,16918,16918,237,66,237,66,L,L,f70227a27e716b3ce319382b6e48f830a334118c8bf4973e16b2b85ffc8a8657,f70227a27e716b3ce319382b6e48f830a334118c8bf4973e16b2b85ffc8a8657,True,True,True,0.0,0,True,True
35_em_18,35_em_18_0.bmp,35_em_18.bmp,27022,27022,185,138,185,138,L,L,ca20caf1563493ae02eb1032166c82394c8f00427b29ef01d8c12f5af84ddbd6,ca20caf1563493ae02eb1032166c82394c8f00427b29ef01d8c12f5af84ddbd6,True,True,True,0.0,0,True,True
35_em_19,35_em_19_0.bmp,35_em_19.bmp,13462,13462,172,72,172,72,L,L,fd3422a256b4f4e27e997444d249e65136ff222b3c73e1fe0e5eada07cb91deb,fd3422a256b4f4e27e997444d249e65136ff222b3c73e1fe0e5eada07cb91deb,True,True,True,0.0,0,True,True
35_em_2,35_em_2_0.bmp,35_em_2.bmp,36358,36358,359,98,359,98,L,L,cabbde879edfb707c7d9d036b291ae2f6465b1d77ffa830c6dc28304b2e3f5b2,cabbde879edfb707c7d9d036b291ae2f6465b1d77ffa830c6dc28304b2e3f5b2,True,True,True,0.0,0,True,True
35_em_20,35_em_20_0.bmp,35_em_20.bmp,8746,8746,107,71,107,71,L,L,d7118a22aa96a69534b835e6d57c026b3c8ea352a8c50e50e30964721612c5e2,d7118a22aa96a69534b835e6d57c026b3c8ea352a8c50e50e30964721612c5e2,True,True,True,0.0,0,True,True
35_em_21,35_em_21_0.bmp,35_em_21.bmp,37746,37746,354,103,354,103,L,L,50f0669d5c4050184394c14e949978cbdb95419b8d88e682777eafd95d154820,50f0669d5c4050184394c14e949978cbdb95419b8d88e682777eafd95d154820,True,True,True,0.0,0,True,True
35_em_22,35_em_22_0.bmp,35_em_22.bmp,15222,15222,206,68,206,68,L,L,ecb959e8806cf8239a32247b65b7bc646eed7b50433c6224ceee8d90f99e7df8,ecb959e8806cf8239a32247b65b7bc646eed7b50433c6224ceee8d90f99e7df8,True,True,True,0.0,0,True,True
35_em_23,35_em_23_0.bmp,35_em_23.bmp,30198,30198,319,91,319,91,L,L,828fe84ed5477e9dd1404f2b5ca7bd977c5ae8fa4c885ad783c57896f872de83,828fe84ed5477e9dd1404f2b5ca7bd977c5ae8fa4c885ad783c57896f872de83,True,True,True,0.0,0,True,True
35_em_24,35_em_24_0.bmp,35_em_24.bmp,24190,24190,214,107,214,107,L,L,d7ff3a6f1cd173960479ad9cc78a4b32313c42cfab2412ab2c810cab6d1d3932,d7ff3a6f1cd173960479ad9cc78a4b32313c42cfab2412ab2c810cab6d1d3932,True,True,True,0.0,0,True,True
35_em_3,35_em_3_0.bmp,35_em_3.bmp,7126,7126,96,63,96,63,L,L,e478b643eab45b201890e9df7a85a3de8bdd10d23a5575590c2442cb1439d24c,e478b643eab45b201890e9df7a85a3de8bdd10d23a5575590c2442cb1439d24c,True,True,True,0.0,0,True,True
35_em_4,35_em_4_0.bmp,35_em_4.bmp,18674,18674,209,83,209,83,L,L,ca64c770c3249427f245a7d3f59fcd5e83ee57ebbbd7edb8ac69f5cbede3ac4c,ca64c770c3249427f245a7d3f59fcd5e83ee57ebbbd7edb8ac69f5cbede3ac4c,True,True,True,0.0,0,True,True
35_em_5,35_em_5_0.bmp,35_em_5.bmp,12602,12602,172,67,172,67,L,L,cf7ec9583137b86a85685ce31d66fef0ae9d94569e19aaa20ecaafc6cd8ed977,cf7ec9583137b86a85685ce31d66fef0ae9d94569e19aaa20ecaafc6cd8ed977,True,True,True,0.0,0,True,True
35_em_6,35_em_6_0.bmp,35_em_6.bmp,16810,16810,227,69,227,69,L,L,8d322554636d5eae61339f27f2622a73caead66004e27ea1ca08434bba452621,8d322554636d5eae61339f27f2622a73caead66004e27ea1ca08434bba452621,True,True,True,0.0,0,True,True
35_em_7,35_em_7_0.bmp,35_em_7.bmp,43046,43046,485,86,485,86,L,L,a3dc906243874f5eacd79982506d3c208254d41a60dc7fb895c748cd5df9c9fa,a3dc906243874f5eacd79982506d3c208254d41a60dc7fb895c748cd5df9c9fa,True,True,True,0.0,0,True,True
35_em_8,35_em_8_0.bmp,35_em_8.bmp,26190,26190,291,86,291,86,L,L,ed4cb59c1337709b5859e7d801328dbb3a2f451e05d61abeab31cc0760e62792,ed4cb59c1337709b5859e7d801328dbb3a2f451e05d61abeab31cc0760e62792,True,True,True,0.0,0,True,True
35_em_9,35_em_9_0.bmp,35_em_9.bmp,40950,40950,446,89,446,89,L,L,158a64c2e207626dab753d67d4e65f7df2f32560db99dcce14d0270c6b4f1686,158a64c2e207626dab753d67d4e65f7df2f32560db99dcce14d0270c6b4f1686,True,True,True,0.0,0,True,True
36_em_25,36_em_25_0.bmp,36_em_25.bmp,65026,65026,289,219,289,219,L,L,912a4ca80d53a3750766f9dbf3277f31a67ade1a8aef9f78c3cbf2082f144d7f,912a4ca80d53a3750766f9dbf3277f31a67ade1a8aef9f78c3cbf2082f144d7f,True,True,True,0.0,0,True,True
36_em_26,36_em_26_0.bmp,36_em_26.bmp,31882,31882,204,151,204,151,L,L,b9caaf5dcb9d2ab859dd4bc1987481df2c6177fe8c95514be4257d6464789f6a,b9caaf5dcb9d2ab859dd4bc1987481df2c6177fe8c95514be4257d6464789f6a,True,True,True,0.0,0,True,True
36_em_27,36_em_27_0.bmp,36_em_27.bmp,80278,80278,438,180,438,180,L,L,b389277c612c2967893b4c3c95cf1371f900bbe96d98556a1873a5950da4684a,b389277c612c2967893b4c3c95cf1371f900bbe96d98556a1873a5950da4684a,True,True,True,0.0,0,True,True
36_em_28,36_em_28_0.bmp,36_em_28.bmp,9574,9574,141,59,141,59,L,L,506e9c1ccc19713388221d659ed4b6754884b3f433210faca156d4cc7a58d64a,506e9c1ccc19713388221d659ed4b6754884b3f433210faca156d4cc7a58d64a,True,True,True,0.0,0,True,True
36_em_29,36_em_29_0.bmp,36_em_29.bmp,24118,24118,285,80,285,80,L,L,0199964383daf85f9eaa7e7235d4e84cd4669ec22db85b6988e2c371ab3a43a6,0199964383daf85f9eaa7e7235d4e84cd4669ec22db85b6988e2c371ab3a43a6,True,True,True,0.0,0,True,True
36_em_30,36_em_30_0.bmp,36_em_30.bmp,17374,17374,168,97,168,97,L,L,3c7658e10eefc44fe7f17c7a519366b8480145501145cfa67f3c4f7143bbf385,3c7658e10eefc44fe7f17c7a519366b8480145501145cfa67f3c4f7143bbf385,True,True,True,0.0,0,True,True
36_em_31,36_em_31_0.bmp,36_em_31.bmp,31350,31350,173,172,173,172,L,L,f090e10d0b1a87745111f51952574d5fc8548851c7a6f5e67f3dd50da549db62,f090e10d0b1a87745111f51952574d5fc8548851c7a6f5e67f3dd50da549db62,True,True,True,0.0,0,True,True
36_em_32,36_em_32_0.bmp,36_em_32.bmp,20854,20854,190,103,190,103,L,L,ee10ca9c1dac12cf42a702217d3abb61ee8ebc8c23d5a91d0902bff5b0d337c7,ee10ca9c1dac12cf42a702217d3abb61ee8ebc8c23d5a91d0902bff5b0d337c7,True,True,True,0.0,0,True,True
36_em_33,36_em_33_0.bmp,36_em_33.bmp,42374,42374,462,89,462,89,L,L,8e68530ee23eb838a8c691c7e76556090062ef3ff9a9f12a745cd963ab00320f,8e68530ee23eb838a8c691c7e76556090062ef3ff9a9f12a745cd963ab00320f,True,True,True,0.0,0,True,True
36_em_34,36_em_34_0.bmp,36_em_34.bmp,14078,14078,200,65,200,65,L,L,a77a9d257268ee573cce951276776b1d83514730dc36d51780dac022918c5c84,a77a9d257268ee573cce951276776b1d83514730dc36d51780dac022918c5c84,True,True,True,0.0,0,True,True
36_em_35,36_em_35_0.bmp,36_em_35.bmp,10318,10318,118,77,118,77,L,L,9bb6f989f80be3161a80cd4177153020ad4895d63959043ee0512bde6b824410,9bb6f989f80be3161a80cd4177153020ad4895d63959043ee0512bde6b824410,True,True,True,0.0,0,True,True
36_em_36,36_em_36_0.bmp,36_em_36.bmp,25314,25314,289,83,289,83,L,L,4f44e1061a6bb7cd715a91767140eee3da6edcfbead33f76970c477d8d25e23e,4f44e1061a6bb7cd715a91767140eee3da6edcfbead33f76970c477d8d25e23e,True,True,True,0.0,0,True,True
36_em_37,36_em_37_0.bmp,36_em_37.bmp,8966,8966,113,68,113,68,L,L,241fc9aeae546b0f6f7306b74adbc54aef3278519e599e18f55a4e14aefdda87,241fc9aeae546b0f6f7306b74adbc54aef3278519e599e18f55a4e14aefdda87,True,True,True,0.0,0,True,True
36_em_38,36_em_38_0.bmp,36_em_38.bmp,8038,8038,118,58,118,58,L,L,76677652134300b63a1148bb6f03584c5c613bb09cdc282912bc99c10cb2ee87,76677652134300b63a1148bb6f03584c5c613bb09cdc282912bc99c10cb2ee87,True,True,True,0.0,0,True,True
36_em_39,36_em_39_0.bmp,36_em_39.bmp,62326,62326,462,132,462,132,L,L,566d6b29cad96a0aa55cdb134a3b2761c62e19fb4459fd7eed5ac6bcf15b6bf7,566d6b29cad96a0aa55cdb134a3b2761c62e19fb4459fd7eed5ac6bcf15b6bf7,True,True,True,0.0,0,True,True
36_em_40,36_em_40_0.bmp,36_em_40.bmp,54326,54326,254,208,254,208,L,L,e0764118ad07b084e253eac886022a165055675cffac685d40994a86e2af69ab,e0764118ad07b084e253eac886022a165055675cffac685d40994a86e2af69ab,True,True,True,0.0,0,True,True
36_em_41,36_em_41_0.bmp,36_em_41.bmp,49126,49126,527,91,527,91,L,L,951a44dae7806e6be458192b9586caa13590d9bc87d3ef3bd62e30512cbb6c62,951a44dae7806e6be458192b9586caa13590d9bc87d3ef3bd62e30512cbb6c62,True,True,True,0.0,0,True,True
36_em_42,36_em_42_0.bmp,36_em_42.bmp,12934,12934,153,76,153,76,L,L,7147017e5ada8bcc839718fd46bf7997aa5bde9c657090a6d6c92a8f360ce361,7147017e5ada8bcc839718fd46bf7997aa5bde9c657090a6d6c92a8f360ce361,True,True,True,0.0,0,True,True
36_em_43,36_em_43_0.bmp,36_em_43.bmp,15478,15478,157,90,157,90,L,L,62af4533d57c7f7f88b2683a016f97384b925229448984e5179e132cb0b00d9b,62af4533d57c7f7f88b2683a016f97384b925229448984e5179e132cb0b00d9b,True,True,True,0.0,0,True,True
36_em_44,36_em_44_0.bmp,36_em_44.bmp,9238,9238,118,68,118,68,L,L,65199ec41ae4a2f8354d4ac8091b8afd53173f4b9dad7606fe843fe492393b53,65199ec41ae4a2f8354d4ac8091b8afd53173f4b9dad7606fe843fe492393b53,True,True,True,0.0,0,True,True
36_em_45,36_em_45_0.bmp,36_em_45.bmp,29614,29614,346,82,346,82,L,L,8755bf215bcee7bb76512dbfb5f029e8702aea663d956f1409954278a6d56b8d,8755bf215bcee7bb76512dbfb5f029e8702aea663d956f1409954278a6d56b8d,True,True,True,0.0,0,True,True
36_em_46,36_em_46_0.bmp,36_em_46.bmp,9598,9598,117,71,117,71,L,L,69da5babbed55145a2cbdb1390fcabde988539599c4ecc41580de22fe3605bec,69da5babbed55145a2cbdb1390fcabde988539599c4ecc41580de22fe3605bec,True,True,True,0.0,0,True,True
36_em_47,36_em_47_0.bmp,36_em_47.bmp,9678,9678,97,86,97,86,L,L,559f88a77c040f1c78ff999bb6b11a4ac8ae5c869ef842c0e07f3db070968f50,559f88a77c040f1c78ff999bb6b11a4ac8ae5c869ef842c0e07f3db070968f50,True,True,True,0.0,0,True,True
36_em_48,36_em_48_0.bmp,36_em_48.bmp,16990,16990,155,102,155,102,L,L,d23f2374f96722acc93f4316539b673ee6f163c58ab45b36eecf6d5f44b234b9,d23f2374f96722acc93f4316539b673ee6f163c58ab45b36eecf6d5f44b234b9,True,True,True,0.0,0,True,True
36_em_49,36_em_49_0.bmp,36_em_49.bmp,15414,15414,221,64,221,64,L,L,1b1e948fa668d0f8cd879ecc585230cc1456bd1127c4894b1d4cb5970e295e04,1b1e948fa668d0f8cd879ecc585230cc1456bd1127c4894b1d4cb5970e295e04,True,True,True,0.0,0,True,True
37_em_0,37_em_0_0.bmp,37_em_0.bmp,21718,21718,238,86,238,86,L,L,2d11cc51b981854b665686930525e21841162f253786aa1a43ad6f8f14d2c836,2d11cc51b981854b665686930525e21841162f253786aa1a43ad6f8f14d2c836,True,True,True,0.0,0,True,True
37_em_1,37_em_1_0.bmp,37_em_1.bmp,29298,29298,332,85,332,85,L,L,3f2ce32dfba78d35403947bb9fdc67578913c97c362e6ab3564dde56b7bf8a66,3f2ce32dfba78d35403947bb9fdc67578913c97c362e6ab3564dde56b7bf8a66,True,True,True,0.0,0,True,True
37_em_10,37_em_10_0.bmp,37_em_10.bmp,12254,12254,88,127,88,127,L,L,77673caff82e9b536515cd3adae39d1199d4968c905f5c1fde9eb51b96260768,77673caff82e9b536515cd3adae39d1199d4968c905f5c1fde9eb51b96260768,True,True,True,0.0,0,True,True
37_em_11,37_em_11_0.bmp,37_em_11.bmp,7510,7510,94,67,94,67,L,L,6eb68f400f2dff9c77eb88ee7fd7e1bceed69c848165fc24f0be0f63985600d6,6eb68f400f2dff9c77eb88ee7fd7e1bceed69c848165fc24f0be0f63985600d6,True,True,True,0.0,0,True,True
37_em_12,37_em_12_0.bmp,37_em_12.bmp,20102,20102,230,82,230,82,L,L,b7ee69923c13b0108ebf05c748d4d8a703129dd6b5614d04ee3acc25596db429,b7ee69923c13b0108ebf05c748d4d8a703129dd6b5614d04ee3acc25596db429,True,True,True,0.0,0,True,True
37_em_13,37_em_13_0.bmp,37_em_13.bmp,8978,8978,99,79,99,79,L,L,d202313caa574227f288cdc540ea8cf1392ee9ef0522bb276711ee85beb53383,d202313caa574227f288cdc540ea8cf1392ee9ef0522bb276711ee85beb53383,True,True,True,0.0,0,True,True
37_em_14,37_em_14_0.bmp,37_em_14.bmp,25150,25150,233,102,233,102,L,L,f8f35d1a3740a2e83c2c09af9d0799b5b5ecca28521354c4a2e0dcc14ebe0c73,f8f35d1a3740a2e83c2c09af9d0799b5b5ecca28521354c4a2e0dcc14ebe0c73,True,True,True,0.0,0,True,True
37_em_15,37_em_15_0.bmp,37_em_15.bmp,7882,7882,105,63,105,63,L,L,feab68f5a0f1e9f687ef57d53be96827e36e5dd024812b131df12789fc0c9bd5,feab68f5a0f1e9f687ef57d53be96827e36e5dd024812b131df12789fc0c9bd5,True,True,True,0.0,0,True,True
37_em_16,37_em_16_0.bmp,37_em_16.bmp,7242,7242,92,67,92,67,L,L,887f97be50897599339d5b7317afa6484ec7bbaff8a6d1265604d2ca2c8ecd46,887f97be50897599339d5b7317afa6484ec7bbaff8a6d1265604d2ca2c8ecd46,True,True,True,0.0,0,True,True
37_em_17,37_em_17_0.bmp,37_em_17.bmp,35182,35182,389,87,389,87,L,L,0be265b2dc21a957a2f3c38bde0fbcf848924ba04a59aea53b12e749f47365aa,0be265b2dc21a957a2f3c38bde0fbcf848924ba04a59aea53b12e749f47365aa,True,True,True,0.0,0,True,True
37_em_18,37_em_18_0.bmp,37_em_18.bmp,80026,80026,612,129,612,129,L,L,ee16f3504c7d5b5d6d793f5a06d847c5b4b2663f570f4075874ebbd65b62f8bd,ee16f3504c7d5b5d6d793f5a06d847c5b4b2663f570f4075874ebbd65b62f8bd,True,True,True,0.0,0,True,True
37_em_19,37_em_19_0.bmp,37_em_19.bmp,30598,30598,238,123,238,123,L,L,e5452d286345d486b464a9f3b32a4a9b87673964a879b50061b69e5251c4e01c,e5452d286345d486b464a9f3b32a4a9b87673964a879b50061b69e5251c4e01c,True,True,True,0.0,0,True,True
37_em_2,37_em_2_0.bmp,37_em_2.bmp,54274,54274,372,143,372,143,L,L,28c6d89b9e4185763beb277fc37a03a3058c5ea310e74612e7dccceda22af498,28c6d89b9e4185763beb277fc37a03a3058c5ea310e74612e7dccceda22af498,True,True,True,0.0,0,True,True
37_em_20,37_em_20_0.bmp,37_em_20.bmp,15946,15946,235,63,235,63,L,L,2d36440106af09d182548e24881701a43d4b972519375e13953521e58280644e,2d36440106af09d182548e24881701a43d4b972519375e13953521e58280644e,True,True,True,0.0,0,True,True
37_em_21,37_em_21_0.bmp,37_em_21.bmp,43926,43926,409,104,409,104,L,L,8f743ef23ad22d3fbb075a955c4baf2cd64c81d783592d9c58f19180b22b2f9f,8f743ef23ad22d3fbb075a955c4baf2cd64c81d783592d9c58f19180b22b2f9f,True,True,True,0.0,0,True,True
37_em_22,37_em_22_0.bmp,37_em_22.bmp,27478,27478,263,100,263,100,L,L,55c54fa1b2a3e4b07d71e8825477d958ab93ab1d516ef39d031bb202e1ae248f,55c54fa1b2a3e4b07d71e8825477d958ab93ab1d516ef39d031bb202e1ae248f,True,True,True,0.0,0,True,True
37_em_23,37_em_23_0.bmp,37_em_23.bmp,21266,21266,195,103,195,103,L,L,d4a98ef1f7aae8433d9fdc6e6d6f397fa9d2e704f5f02a21b48db8c09509aeba,d4a98ef1f7aae8433d9fdc6e6d6f397fa9d2e704f5f02a21b48db8c09509aeba,True,True,True,0.0,0,True,True
37_em_24,37_em_24_0.bmp,37_em_24.bmp,70566,70566,402,172,402,172,L,L,f175afdba8fc184be670c66c7ea5d73ba4884586b312c331bc304a0170113c88,f175afdba8fc184be670c66c7ea5d73ba4884586b312c331bc304a0170113c88,True,True,True,0.0,0,True,True
37_em_25,37_em_25_0.bmp,37_em_25.bmp,8878,8878,102,75,102,75,L,L,25d1f50c729865c03f9d8be8d331daec49bcccdfc594547bcce31aa96cf55d2d,25d1f50c729865c03f9d8be8d331daec49bcccdfc594547bcce31aa96cf55d2d,True,True,True,0.0,0,True,True
37_em_26,37_em_26_0.bmp,37_em_26.bmp,34822,34822,293,114,293,114,L,L,25383168e55c3afe54ec239d1b68efb280249adcccd6db230e91f5d2e52fa3a6,25383168e55c3afe54ec239d1b68efb280249adcccd6db230e91f5d2e52fa3a6,True,True,True,0.0,0,True,True
37_em_27,37_em_27_0.bmp,37_em_27.bmp,9254,9254,110,73,110,73,L,L,595f52aa4dd22d7cb6a42b6159f841d1fec58c1c8d66321d6138d75028bb91a7,595f52aa4dd22d7cb6a42b6159f841d1fec58c1c8d66321d6138d75028bb91a7,True,True,True,0.0,0,True,True
37_em_28,37_em_28_0.bmp,37_em_28.bmp,11822,11822,134,79,134,79,L,L,f781944162e43099836aae574d32d7fb5ef5a5e9b202c0a5ab08744d265113c7,f781944162e43099836aae574d32d7fb5ef5a5e9b202c0a5ab08744d265113c7,True,True,True,0.0,0,True,True
37_em_29,37_em_29_0.bmp,37_em_29.bmp,8086,8086,94,73,94,73,L,L,59d1002ac30412f9e573e66854ed53b502978ad08b4725e173ff9c0839d3b7d4,59d1002ac30412f9e573e66854ed53b502978ad08b4725e173ff9c0839d3b7d4,True,True,True,0.0,0,True,True
37_em_3,37_em_3_0.bmp,37_em_3.bmp,6798,6798,104,55,104,55,L,L,e4002e103adb7e52ddbd0f125f4e2195e2d83f2b6f849260ad17b73988451216,e4002e103adb7e52ddbd0f125f4e2195e2d83f2b6f849260ad17b73988451216,True,True,True,0.0,0,True,True
37_em_30,37_em_30_0.bmp,37_em_30.bmp,17430,17430,224,73,224,73,L,L,717fb83a0ec3d5ddb4acee2d52fa4201689951586623dac7f8049c3545b92cb5,717fb83a0ec3d5ddb4acee2d52fa4201689951586623dac7f8049c3545b92cb5,True,True,True,0.0,0,True,True
37_em_31,37_em_31_0.bmp,37_em_31.bmp,31210,31210,324,93,324,93,L,L,a90888e7712fc8150c22bc1730e05c99a0b7a3c1b855b94c9ed3da1f13371487,a90888e7712fc8150c22bc1730e05c99a0b7a3c1b855b94c9ed3da1f13371487,True,True,True,0.0,0,True,True
37_em_32,37_em_32_0.bmp,37_em_32.bmp,50974,50974,503,99,503,99,L,L,cb10a9234f52646df912ea363487a16d662195243870fe080f107350350d7f3f,cb10a9234f52646df912ea363487a16d662195243870fe080f107350350d7f3f,True,True,True,0.0,0,True,True
37_em_4,37_em_4_0.bmp,37_em_4.bmp,36510,36510,410,86,410,86,L,L,6704b4d11de728a500b845e713bec64f193ae7537cd6af89ea9aef345647d212,6704b4d11de728a500b845e713bec64f193ae7537cd6af89ea9aef345647d212,True,True,True,0.0,0,True,True
37_em_5,37_em_5_0.bmp,37_em_5.bmp,23030,23030,195,112,195,112,L,L,9d4b2c4330bef6e106f38c070f764a0ea72b4f4238ec1e175f8cedc48e0c7bf2,9d4b2c4330bef6e106f38c070f764a0ea72b4f4238ec1e175f8cedc48e0c7bf2,True,True,True,0.0,0,True,True
37_em_6,37_em_6_0.bmp,37_em_6.bmp,7210,7210,82,73,82,73,L,L,093ea6947259caf0a306085b030cb41d03e2e9abbc6736b4228c9cc5f16aefff,093ea6947259caf0a306085b030cb41d03e2e9abbc6736b4228c9cc5f16aefff,True,True,True,0.0,0,True,True
37_em_7,37_em_7_0.bmp,37_em_7.bmp,9394,9394,130,63,130,63,L,L,55a6e0f7190054a660c60db49852c3eee1843f2b08b82bc7c96e6b5cbbe7b78b,55a6e0f7190054a660c60db49852c3eee1843f2b08b82bc7c96e6b5cbbe7b78b,True,True,True,0.0,0,True,True
37_em_8,37_em_8_0.bmp,37_em_8.bmp,55862,55862,425,128,425,128,L,L,9c6bee79a73446fe1896d35df7c13b7bf5c0d0b7dfd43a9614809468046b0311,9c6bee79a73446fe1896d35df7c13b7bf5c0d0b7dfd43a9614809468046b0311,True,True,True,0.0,0,True,True
37_em_9,37_em_9_0.bmp,37_em_9.bmp,6438,6438,79,67,79,67,L,L,380945ef9667506fb842edff1392770d4f0afb89a5d4737b0af9c3657b86adb9,380945ef9667506fb842edff1392770d4f0afb89a5d4737b0af9c3657b86adb9,True,True,True,0.0,0,True,True
500_em_108,500_em_108_0.bmp,500_em_108.bmp,10502,10502,121,76,121,76,L,L,69b290289cd27d7607a55025c872b324c48534a00b156aac78405f799dfbfa27,69b290289cd27d7607a55025c872b324c48534a00b156aac78405f799dfbfa27,True,True,True,0.0,0,True,True
500_em_109,500_em_109_0.bmp,500_em_109.bmp,7198,7198,67,90,67,90,L,L,9de373981bdf65fa0813240780ea6237f13b921dbdfe43b62971709542de4fa6,9de373981bdf65fa0813240780ea6237f13b921dbdfe43b62971709542de4fa6,True,True,True,0.0,0,True,True
500_em_110,500_em_110_0.bmp,500_em_110.bmp,46078,46078,360,125,360,125,L,L,4150731ac99d8aed5d23a9db0604523d491fa3314c8417867aae258eb1c62092,4150731ac99d8aed5d23a9db0604523d491fa3314c8417867aae258eb1c62092,True,True,True,0.0,0,True,True
501_em_0,501_em_0_0.bmp,501_em_0.bmp,48310,48310,325,144,325,144,L,L,109eb0ffde60c2f4c18efcf26fe56de2158797f4640108d51a73c115843f969c,109eb0ffde60c2f4c18efcf26fe56de2158797f4640108d51a73c115843f969c,True,True,True,0.0,0,True,True
501_em_1,501_em_1_0.bmp,501_em_1.bmp,7414,7414,87,72,87,72,L,L,a1df62f63b4d8f222a0bf12ae2e7e53d28161963114e31ce8dffb69c87b44c53,a1df62f63b4d8f222a0bf12ae2e7e53d28161963114e31ce8dffb69c87b44c53,True,True,True,0.0,0,True,True
501_em_10,501_em_10_0.bmp,501_em_10.bmp,82702,82702,715,114,715,114,L,L,d0ad80ab1e6df0838f64a5248a8c4acbc2e196262672bd2c3273d6cd729623d7,d0ad80ab1e6df0838f64a5248a8c4acbc2e196262672bd2c3273d6cd729623d7,True,True,True,0.0,0,True,True
501_em_11,501_em_11_0.bmp,501_em_11.bmp,67522,67522,586,113,586,113,L,L,12add6565408f855f80fceb88dcf9544d0249ff3160c64572f1b09b90e4b6c18,12add6565408f855f80fceb88dcf9544d0249ff3160c64572f1b09b90e4b6c18,True,True,True,0.0,0,True,True
501_em_12,501_em_12_0.bmp,501_em_12.bmp,110806,110806,432,254,432,254,L,L,5a181e2ff23abdcc36e47069c45902cfd270282ec7bb9fa30344fd5cc80872a2,5a181e2ff23abdcc36e47069c45902cfd270282ec7bb9fa30344fd5cc80872a2,True,True,True,0.0,0,True,True
501_em_13,501_em_13_0.bmp,501_em_13.bmp,10242,10242,116,79,116,79,L,L,45b800ff824483b91885ba608d3da50c28d48bfc1b82987cf5da7a27dfd0d356,45b800ff824483b91885ba608d3da50c28d48bfc1b82987cf5da7a27dfd0d356,True,True,True,0.0,0,True,True
501_em_14,501_em_14_0.bmp,501_em_14.bmp,229998,229998,1179,194,1179,194,L,L,cc2b9e0b6ab5e2ed178e6f035561ff4626fca282424414c094f5fa5335df98ab,cc2b9e0b6ab5e2ed178e6f035561ff4626fca282424414c094f5fa5335df98ab,True,True,True,0.0,0,True,True
501_em_15,501_em_15_0.bmp,501_em_15.bmp,122178,122178,691,175,691,175,L,L,93f0a2e048ecb75ce48bbcd63fa736abcebf9144ee5c23b4157022a7b44bd5b2,93f0a2e048ecb75ce48bbcd63fa736abcebf9144ee5c23b4157022a7b44bd5b2,True,True,True,0.0,0,True,True
501_em_16,501_em_16_0.bmp,501_em_16.bmp,11942,11942,112,97,112,97,L,L,dd2eea1913e2e54aaf3c6c075bc11865d18b654aa5279905da604857e96a1ab4,dd2eea1913e2e54aaf3c6c075bc11865d18b654aa5279905da604857e96a1ab4,True,True,True,0.0,0,True,True
501_em_17,501_em_17_0.bmp,501_em_17.bmp,12114,12114,123,89,123,89,L,L,2f5fafdf7416cb4f974e251931add2a8c062dfb82e0fee49dea28b244c5b6255,2f5fafdf7416cb4f974e251931add2a8c062dfb82e0fee49dea28b244c5b6255,True,True,True,0.0,0,True,True
501_em_18,501_em_18_0.bmp,501_em_18.bmp,192246,192246,926,206,926,206,L,L,0438a1eab7636a4204c178c8d35a8501b6ff8e256d211fe742ea804e707b1435,0438a1eab7636a4204c178c8d35a8501b6ff8e256d211fe742ea804e707b1435,True,True,True,0.0,0,True,True
501_em_19,501_em_19_0.bmp,501_em_19.bmp,139398,139398,727,190,727,190,L,L,b9d8413ac319810b0da0f2bb1d4359e41adebfe59ed438f8725bdbb6836b44bd,b9d8413ac319810b0da0f2bb1d4359e41adebfe59ed438f8725bdbb6836b44bd,True,True,True,0.0,0,True,True
501_em_2,501_em_2_0.bmp,501_em_2.bmp,28438,28438,286,95,286,95,L,L,168dc2b230a44906dbe40f2c5dc53aa5e249ccd32c73528c737ed2c0c5cdbe73,168dc2b230a44906dbe40f2c5dc53aa5e249ccd32c73528c737ed2c0c5cdbe73,True,True,True,0.0,0,True,True
501_em_20,501_em_20_0.bmp,501_em_20.bmp,30742,30742,287,103,287,103,L,L,4ee9d20d30c75a29afe09b9b1dbbff64946c1caea5fa4536c6e38d28c45b34d3,4ee9d20d30c75a29afe09b9b1dbbff64946c1caea5fa4536c6e38d28c45b34d3,True,True,True,0.0,0,True,True
501_em_21,501_em_21_0.bmp,501_em_21.bmp,17094,17094,206,77,206,77,L,L,2e665928130ac4670d194da5fde90dcec34d4ef29a41ace4c4d8fefec51e0e70,2e665928130ac4670d194da5fde90dcec34d4ef29a41ace4c4d8fefec51e0e70,True,True,True,0.0,0,True,True
501_em_22,501_em_22_0.bmp,501_em_22.bmp,14426,14426,186,71,186,71,L,L,7e30656025029b7b525618400f7a6f522dc62648a02f85d519fb05bf8663dbcd,7e30656025029b7b525618400f7a6f522dc62648a02f85d519fb05bf8663dbcd,True,True,True,0.0,0,True,True
501_em_23,501_em_23_0.bmp,501_em_23.bmp,6790,6790,84,68,84,68,L,L,04de8f0233947a68a68d35aba8325e07bd93533a1fbd0786479d6ded52bd6adf,04de8f0233947a68a68d35aba8325e07bd93533a1fbd0786479d6ded52bd6adf,True,True,True,0.0,0,True,True
501_em_24,501_em_24_0.bmp,501_em_24.bmp,20878,20878,219,90,219,90,L,L,ee6d777a608ea5c44172e6e51c29ee3ff6ccbfd0a5988906b4d23c738e31ea70,ee6d777a608ea5c44172e6e51c29ee3ff6ccbfd0a5988906b4d23c738e31ea70,True,True,True,0.0,0,True,True
501_em_3,501_em_3_0.bmp,501_em_3.bmp,4666,4666,51,69,51,69,L,L,c18ad036c22d3c7eb5861ebc89b50b6a66180909aa6e929b28a8cc23829eb0b5,c18ad036c22d3c7eb5861ebc89b50b6a66180909aa6e929b28a8cc23829eb0b5,True,True,True,0.0,0,True,True
501_em_4,501_em_4_0.bmp,501_em_4.bmp,28678,28678,298,92,298,92,L,L,a11160957d0bb33de5d22bcce4b126c4bdea519a9f64866172ce48698bea5e3d,a11160957d0bb33de5d22bcce4b126c4bdea519a9f64866172ce48698bea5e3d,True,True,True,0.0,0,True,True
501_em_5,501_em_5_0.bmp,501_em_5.bmp,7414,7414,87,72,87,72,L,L,a1df62f63b4d8f222a0bf12ae2e7e53d28161963114e31ce8dffb69c87b44c53,a1df62f63b4d8f222a0bf12ae2e7e53d28161963114e31ce8dffb69c87b44c53,True,True,True,0.0,0,True,True
501_em_6,501_em_6_0.bmp,501_em_6.bmp,26642,26642,306,83,306,83,L,L,595ef70db4f894c20e2bed9cb47d546d37c8bf6882186a49362979b4fe1faa3d,595ef70db4f894c20e2bed9cb47d546d37c8bf6882186a49362979b4fe1faa3d,True,True,True,0.0,0,True,True
501_em_7,501_em_7_0.bmp,501_em_7.bmp,36502,36502,490,72,490,72,L,L,d8be87187a50b6fced2213c6a387fb967113abc350a1e29688e0ef5e93d71c11,d8be87187a50b6fced2213c6a387fb967113abc350a1e29688e0ef5e93d71c11,True,True,True,0.0,0,True,True
501_em_8,501_em_8_0.bmp,501_em_8.bmp,47326,47326,490,94,490,94,L,L,c0923ee5ff6bf36e90aa72b2fbaca3eb3d8414ac98859bdd5b7b69bc6fbd3127,c0923ee5ff6bf36e90aa72b2fbaca3eb3d8414ac98859bdd5b7b69bc6fbd3127,True,True,True,0.0,0,True,True
501_em_9,501_em_9_0.bmp,501_em_9.bmp,84578,84578,499,167,499,167,L,L,c01ea41d82dcbf7343877f60f6a973862d720ba3460a7e42c86a00a7ba1155ab,c01ea41d82dcbf7343877f60f6a973862d720ba3460a7e42c86a00a7ba1155ab,True,True,True,0.0,0,True,True
502_em_0,502_em_0_0.bmp,502_em_0.bmp,4886,4886,67,56,67,56,L,L,c9cc352e3724fec8924cbda55a399b9f7668015e479a3cdd248638e2fb5d5714,c9cc352e3724fec8924cbda55a399b9f7668015e479a3cdd248638e2fb5d5714,True,True,True,0.0,0,True,True
502_em_1,502_em_1_0.bmp,502_em_1.bmp,109282,109282,849,127,849,127,L,L,ede49ed87a8c1e655c1d3d3d43fc0102bdd5c1e7e15ccd38f3a3af0d0b7ba6a8,ede49ed87a8c1e655c1d3d3d43fc0102bdd5c1e7e15ccd38f3a3af0d0b7ba6a8,True,True,True,0.0,0,True,True
502_em_10,502_em_10_0.bmp,502_em_10.bmp,6790,6790,82,68,82,68,L,L,25dc1e8eb03f22c91da9a1bb6151ee9d19cfb879c16218520d024291c030eb93,25dc1e8eb03f22c91da9a1bb6151ee9d19cfb879c16218520d024291c030eb93,True,True,True,0.0,0,True,True
502_em_11,502_em_11_0.bmp,502_em_11.bmp,71526,71526,590,119,590,119,L,L,bb80bf0da1a5ee8ebc1042b41c02b1079cc7d98dd2217d149a46acd0c346a87b,bb80bf0da1a5ee8ebc1042b41c02b1079cc7d98dd2217d149a46acd0c346a87b,True,True,True,0.0,0,True,True
502_em_12,502_em_12_0.bmp,502_em_12.bmp,6778,6778,73,75,73,75,L,L,9b654036a7d6ab36fb577996cae86e6c86bef99ad2979eb341b5ef70499b797a,9b654036a7d6ab36fb577996cae86e6c86bef99ad2979eb341b5ef70499b797a,True,True,True,0.0,0,True,True
502_em_13,502_em_13_0.bmp,502_em_13.bmp,46222,46222,454,99,454,99,L,L,53d05bfc6df575738ab50051054ac54f242cd72de3f8bf82711616da33470987,53d05bfc6df575738ab50051054ac54f242cd72de3f8bf82711616da33470987,True,True,True,0.0,0,True,True
502_em_14,502_em_14_0.bmp,502_em_14.bmp,135766,135766,973,138,973,138,L,L,031a442aae1a853548f426d31a8877602f28f60562bb6c5b1a27bcba3a176d3f,031a442aae1a853548f426d31a8877602f28f60562bb6c5b1a27bcba3a176d3f,True,True,True,0.0,0,True,True
502_em_15,502_em_15_0.bmp,502_em_15.bmp,63030,63030,512,121,512,121,L,L,a98961b31f8ba7c48bfe00a0606bed9be186281d3883f571171c278553e4eb15,a98961b31f8ba7c48bfe00a0606bed9be186281d3883f571171c278553e4eb15,True,True,True,0.0,0,True,True
502_em_16,502_em_16_0.bmp,502_em_16.bmp,131458,131458,633,205,633,205,L,L,56c2a719d22efaad0de2ebc70c95087ec53546f0b65feefe281ad6c12bc4085f,56c2a719d22efaad0de2ebc70c95087ec53546f0b65feefe281ad6c12bc4085f,True,True,True,0.0,0,True,True
502_em_17,502_em_17_0.bmp,502_em_17.bmp,113078,113078,558,200,558,200,L,L,193ce0d380e2a9a715af08506a1b167bf4a66036d96af953f5bb8540191f096c,193ce0d380e2a9a715af08506a1b167bf4a66036d96af953f5bb8540191f096c,True,True,True,0.0,0,True,True
502_em_18,502_em_18_0.bmp,502_em_18.bmp,6446,6446,85,61,85,61,L,L,b02a731bd95294cae8c7333ad7b11428d37ba4fb64d1069aead49b85e59aa08b,b02a731bd95294cae8c7333ad7b11428d37ba4fb64d1069aead49b85e59aa08b,True,True,True,0.0,0,True,True
502_em_19,502_em_19_0.bmp,502_em_19.bmp,91378,91378,515,175,515,175,L,L,c98962016a7632dba8b795f5980dad6a05d4cb36f92fab125a2feb71feec330d,c98962016a7632dba8b795f5980dad6a05d4cb36f92fab125a2feb71feec330d,True,True,True,0.0,0,True,True
502_em_2,502_em_2_0.bmp,502_em_2.bmp,8998,8998,119,66,119,66,L,L,fc70836072e054e88e5c4f23b007c16492c43fbfd456f0a3983030ca121ec4c1,fc70836072e054e88e5c4f23b007c16492c43fbfd456f0a3983030ca121ec4c1,True,True,True,0.0,0,True,True
502_em_20,502_em_20_0.bmp,502_em_20.bmp,37730,37730,307,119,307,119,L,L,04b330c21a95d3639e0516df746ed2cd63d0d994f20e35c34a2c0aadc34d3b8a,04b330c21a95d3639e0516df746ed2cd63d0d994f20e35c34a2c0aadc34d3b8a,True,True,True,0.0,0,True,True
502_em_21,502_em_21_0.bmp,502_em_21.bmp,88438,88438,832,105,832,105,L,L,e5915647f27f8c8ef649be7bd213b94aa7ca95fd33f7e2a25a35275ed2b71887,e5915647f27f8c8ef649be7bd213b94aa7ca95fd33f7e2a25a35275ed2b71887,True,True,True,0.0,0,True,True
502_em_22,502_em_22_0.bmp,502_em_22.bmp,43318,43318,382,110,382,110,L,L,8e241f4470cf62210f33c14d3dfc527b9ffcbb1b7544b84ac229be8c900d6f79,8e241f4470cf62210f33c14d3dfc527b9ffcbb1b7544b84ac229be8c900d6f79,True,True,True,0.0,0,True,True
502_em_23,502_em_23_0.bmp,502_em_23.bmp,39158,39158,558,68,558,68,L,L,fcf26eb49978ac25a9211c2f706a35098c673dfcab189ffd72077986db0ca067,fcf26eb49978ac25a9211c2f706a35098c673dfcab189ffd72077986db0ca067,True,True,True,0.0,0,True,True
502_em_24,502_em_24_0.bmp,502_em_24.bmp,33830,33830,368,89,368,89,L,L,d34385beaece73521834f467bdf53932fdc62baee4fb73b400f92a897f9500aa,d34385beaece73521834f467bdf53932fdc62baee4fb73b400f92a897f9500aa,True,True,True,0.0,0,True,True
502_em_3,502_em_3_0.bmp,502_em_3.bmp,46774,46774,473,96,473,96,L,L,fa4afe19b3bad38fbb3d4a1ed2a7139c1b71d6da35aab4e0f21619009f6963bd,fa4afe19b3bad38fbb3d4a1ed2a7139c1b71d6da35aab4e0f21619009f6963bd,True,True,True,0.0,0,True,True
502_em_4,502_em_4_0.bmp,502_em_4.bmp,102430,102430,410,246,410,246,L,L,73f6d75ef0edcab998bc714a4ab75658770037a2ea857232a7c9ff0aa2b60f37,73f6d75ef0edcab998bc714a4ab75658770037a2ea857232a7c9ff0aa2b60f37,True,True,True,0.0,0,True,True
502_em_5,502_em_5_0.bmp,502_em_5.bmp,45934,45934,503,89,503,89,L,L,26083d37cef54cf4c32822055e56282c86ca665a97bd043465aca9d15d651276,26083d37cef54cf4c32822055e56282c86ca665a97bd043465aca9d15d651276,True,True,True,0.0,0,True,True
502_em_6,502_em_6_0.bmp,502_em_6.bmp,86254,86254,725,117,725,117,L,L,4c77107eb0e3bfa785f8a3692559535a4a394ae11e290805f16820feaeb4abd6,4c77107eb0e3bfa785f8a3692559535a4a394ae11e290805f16820feaeb4abd6,True,True,True,0.0,0,True,True
502_em_7,502_em_7_0.bmp,502_em_7.bmp,67222,67222,416,159,416,159,L,L,13eaea4ce1b18b029851dbde922842ae81b487730f5e1216382f2660deea4527,13eaea4ce1b18b029851dbde922842ae81b487730f5e1216382f2660deea4527,True,True,True,0.0,0,True,True
502_em_8,502_em_8_0.bmp,502_em_8.bmp,40498,40498,292,135,292,135,L,L,feb3dae21dc7fc681f13fc1a27ffd9ce07b31c9682823a951efae2c0b250a55e,feb3dae21dc7fc681f13fc1a27ffd9ce07b31c9682823a951efae2c0b250a55e,True,True,True,0.0,0,True,True
502_em_9,502_em_9_0.bmp,502_em_9.bmp,7478,7478,100,64,100,64,L,L,d2fb936880fac37ab5520dbd302d64c32fc7da5d976154de96b5253749d0d483,d2fb936880fac37ab5520dbd302d64c32fc7da5d976154de96b5253749d0d483,True,True,True,0.0,0,True,True
503_em_25,503_em_25_0.bmp,503_em_25.bmp,12278,12278,140,80,140,80,L,L,e9eadee741c873bc3d5f66aad581d3349ca6ca55974741db130b75be3b5700fa,e9eadee741c873bc3d5f66aad581d3349ca6ca55974741db130b75be3b5700fa,True,True,True,0.0,0,True,True
503_em_26,503_em_26_0.bmp,503_em_26.bmp,28798,28798,250,110,250,110,L,L,4007e6b066023f4df7f8cb47edcffe5e767fab42d24479ccd80782b567b36bea,4007e6b066023f4df7f8cb47edcffe5e767fab42d24479ccd80782b567b36bea,True,True,True,0.0,0,True,True
503_em_27,503_em_27_0.bmp,503_em_27.bmp,78298,78298,569,135,569,135,L,L,473c2539ec912b190fbd844ccd9b3ee49b55524145da4639544f39da334faa5c,473c2539ec912b190fbd844ccd9b3ee49b55524145da4639544f39da334faa5c,True,True,True,0.0,0,True,True
503_em_28,503_em_28_0.bmp,503_em_28.bmp,52698,52698,355,145,355,145,L,L,2d66389a65a15722e5744b9d5de430e5476a9ee1985114c63b9ed3e684727c08,2d66389a65a15722e5744b9d5de430e5476a9ee1985114c63b9ed3e684727c08,True,True,True,0.0,0,True,True
503_em_29,503_em_29_0.bmp,503_em_29.bmp,21218,21218,212,95,212,95,L,L,03e17b2c286fdb6363caad8e18fb3e805c8caa8e8e598faffa8435e43aa90588,03e17b2c286fdb6363caad8e18fb3e805c8caa8e8e598faffa8435e43aa90588,True,True,True,0.0,0,True,True
503_em_30,503_em_30_0.bmp,503_em_30.bmp,55078,55078,400,135,400,135,L,L,02c50ada3aa704446a75d99ef52c9a3d031f7a7615062e8c52036b90500306ed,02c50ada3aa704446a75d99ef52c9a3d031f7a7615062e8c52036b90500306ed,True,True,True,0.0,0,True,True
503_em_31,503_em_31_0.bmp,503_em_31.bmp,22902,22902,175,124,175,124,L,L,8423c1ddd4e5fb3494944f99deb10cb29c7195abf0883222020d8292320845eb,8423c1ddd4e5fb3494944f99deb10cb29c7195abf0883222020d8292320845eb,True,True,True,0.0,0,True,True
503_em_32,503_em_32_0.bmp,503_em_32.bmp,11578,11578,140,75,140,75,L,L,036d21978b8d81f895c6fc9581c2e93c8b7be5170b8b520a81da2e42fc9a8258,036d21978b8d81f895c6fc9581c2e93c8b7be5170b8b520a81da2e42fc9a8258,True,True,True,0.0,0,True,True
503_em_33,503_em_33_0.bmp,503_em_33.bmp,27974,27974,327,82,327,82,L,L,5079c484151d4300d17a54bc00bd5427c18efc5e3b2e019f2eb0c8c428c4cf5d,5079c484151d4300d17a54bc00bd5427c18efc5e3b2e019f2eb0c8c428c4cf5d,True,True,True,0.0,0,True,True
503_em_34,503_em_34_0.bmp,503_em_34.bmp,20566,20566,166,116,166,116,L,L,38cd71e582ae7d0cba2037402d568a3090e212976d5b776631978db579430436,38cd71e582ae7d0cba2037402d568a3090e212976d5b776631978db579430436,True,True,True,0.0,0,True,True
504_em_35,504_em_35_0.bmp,504_em_35.bmp,310086,310086,1734,178,1734,178,L,L,dd795ed86bf0909bebd0b4a0eda247f485c816cb0ba86db703c607bd09ef59b8,dd795ed86bf0909bebd0b4a0eda247f485c816cb0ba86db703c607bd09ef59b8,True,True,True,0.0,0,True,True
504_em_36,504_em_36_0.bmp,504_em_36.bmp,52386,52386,403,127,403,127,L,L,ef0011b81fe308c2d1bac69fde60c5656ad96eaf76cdb2c3262c7acdcec0e4bd,ef0011b81fe308c2d1bac69fde60c5656ad96eaf76cdb2c3262c7acdcec0e4bd,True,True,True,0.0,0,True,True
504_em_37,504_em_37_0.bmp,504_em_37.bmp,13462,13462,142,86,142,86,L,L,c35c90e531bb711f0a75cff7bd9c06efb547479c1660b047f345fd61be6a7bce,c35c90e531bb711f0a75cff7bd9c06efb547479c1660b047f345fd61be6a7bce,True,True,True,0.0,0,True,True
504_em_38,504_em_38_0.bmp,504_em_38.bmp,127902,127902,762,166,762,166,L,L,40c8dda4c757e367672ecf0125f64a4fc188b03b359097751f4bdd029030be2f,40c8dda4c757e367672ecf0125f64a4fc188b03b359097751f4bdd029030be2f,True,True,True,0.0,0,True,True
504_em_39,504_em_39_0.bmp,504_em_39.bmp,18298,18298,139,123,139,123,L,L,92ba68b0ba5153dd667fd34d0fdc117e8a85f8cddfa92279fc73fec56c9e0dfc,92ba68b0ba5153dd667fd34d0fdc117e8a85f8cddfa92279fc73fec56c9e0dfc,True,True,True,0.0,0,True,True
504_em_40,504_em_40_0.bmp,504_em_40.bmp,94286,94286,762,122,762,122,L,L,4ef0d7c00e432f7c8e8a4584b003583b0310d35cc74d84f34fc243cfae8eb23d,4ef0d7c00e432f7c8e8a4584b003583b0310d35cc74d84f34fc243cfae8eb23d,True,True,True,0.0,0,True,True
504_em_41,504_em_41_0.bmp,504_em_41.bmp,16854,16854,229,68,229,68,L,L,0c7aad3d9fc41cc8055f6f6a06fa84d016a50fa38ec57369f4b93409d569c237,0c7aad3d9fc41cc8055f6f6a06fa84d016a50fa38ec57369f4b93409d569c237,True,True,True,0.0,0,True,True
504_em_42,504_em_42_0.bmp,504_em_42.bmp,158950,158950,1011,156,1011,156,L,L,d7b11aae83b18c0e598524f0a9f59e0259edda8336e257a0317594cfa619ec01,d7b11aae83b18c0e598524f0a9f59e0259edda8336e257a0317594cfa619ec01,True,True,True,0.0,0,True,True
504_em_43,504_em_43_0.bmp,504_em_43.bmp,178822,178822,1103,161,1103,161,L,L,698611cfdde2d7b63a3207d6bca24ce853aedb2241b246c4ee6e2d680b12f63d,698611cfdde2d7b63a3207d6bca24ce853aedb2241b246c4ee6e2d680b12f63d,True,True,True,0.0,0,True,True
504_em_44,504_em_44_0.bmp,504_em_44.bmp,8646,8646,88,86,88,86,L,L,75272dc88e80e6e184edd0719a2fe5b9e568aab6e23af37e952f6c49e14345a9,75272dc88e80e6e184edd0719a2fe5b9e568aab6e23af37e952f6c49e14345a9,True,True,True,0.0,0,True,True
504_em_45,504_em_45_0.bmp,504_em_45.bmp,91730,91730,691,131,691,131,L,L,004cd5e0a1431123b413228f062937fd70207b44cf6fbfd085e4373b46049d3a,004cd5e0a1431123b413228f062937fd70207b44cf6fbfd085e4373b46049d3a,True,True,True,0.0,0,True,True
504_em_46,504_em_46_0.bmp,504_em_46.bmp,18198,18198,158,107,158,107,L,L,8c541e57f76c3fb0611a0fe247f2c3a0df14a501d5c05aebe1b535c38621850e,8c541e57f76c3fb0611a0fe247f2c3a0df14a501d5c05aebe1b535c38621850e,True,True,True,0.0,0,True,True
505_em_47,505_em_47_0.bmp,505_em_47.bmp,67318,67318,718,92,718,92,L,L,1ec05afe1b37fda9e769a96daf9e3c58b6c00151fb16edb9b101bd6055bb8e6f,1ec05afe1b37fda9e769a96daf9e3c58b6c00151fb16edb9b101bd6055bb8e6f,True,True,True,0.0,0,True,True
505_em_48,505_em_48_0.bmp,505_em_48.bmp,95734,95734,815,116,815,116,L,L,daad6aa0865a7c8368cedd24cb889f78ed03f6a3e107bfe006d2fc58d0bf5c7f,daad6aa0865a7c8368cedd24cb889f78ed03f6a3e107bfe006d2fc58d0bf5c7f,True,True,True,0.0,0,True,True
505_em_49,505_em_49_0.bmp,505_em_49.bmp,13406,13406,183,67,183,67,L,L,71c238d51c2644758e864c82200dae795f1203602e5a4f79abeefbb348ef9cb6,71c238d51c2644758e864c82200dae795f1203602e5a4f79abeefbb348ef9cb6,True,True,True,0.0,0,True,True
505_em_50,505_em_50_0.bmp,505_em_50.bmp,29470,29470,363,78,363,78,L,L,f870d5520ec39491db2e3d6a890ad1e50cbcff97a45faa052892156fda1798df,f870d5520ec39491db2e3d6a890ad1e50cbcff97a45faa052892156fda1798df,True,True,True,0.0,0,True,True
505_em_51,505_em_51_0.bmp,505_em_51.bmp,381742,381742,1224,311,1224,311,L,L,7d78ef8f682b7a6c40c762042d2e507693223edd367a3eb8b0f9af516a078695,7d78ef8f682b7a6c40c762042d2e507693223edd367a3eb8b0f9af516a078695,True,True,True,0.0,0,True,True
505_em_52,505_em_52_0.bmp,505_em_52.bmp,9782,9782,125,68,125,68,L,L,52875fe02f91290fc217517739f59df35eb51ad96fd5de2ac0f06358246ddc62,52875fe02f91290fc217517739f59df35eb51ad96fd5de2ac0f06358246ddc62,True,True,True,0.0,0,True,True
505_em_53,505_em_53_0.bmp,505_em_53.bmp,36958,36958,309,115,309,115,L,L,c95a0e3c15ae1b5d07e3fee3025037181578b121995334888c497a596334c5be,c95a0e3c15ae1b5d07e3fee3025037181578b121995334888c497a596334c5be,True,True,True,0.0,0,True,True
505_em_54,505_em_54_0.bmp,505_em_54.bmp,61434,61434,313,191,313,191,L,L,90c5d17ca0d4a21c02cec6222bb1188fc69e1b2df52e6beda1ce24ad55d92979,90c5d17ca0d4a21c02cec6222bb1188fc69e1b2df52e6beda1ce24ad55d92979,True,True,True,0.0,0,True,True
505_em_55,505_em_55_0.bmp,505_em_55.bmp,18450,18450,171,101,171,101,L,L,b95e6da1bd0e2c79ff3abc81b5fa05bc248bf1caff65adb6802b7e84fe5e36f3,b95e6da1bd0e2c79ff3abc81b5fa05bc248bf1caff65adb6802b7e84fe5e36f3,True,True,True,0.0,0,True,True
505_em_56,505_em_56_0.bmp,505_em_56.bmp,30870,30870,222,133,222,133,L,L,9cdba3c699d2a14fbe0eb8a035d530645cd6faabdc8421b86238376bdb4cf460,9cdba3c699d2a14fbe0eb8a035d530645cd6faabdc8421b86238376bdb4cf460,True,True,True,0.0,0,True,True
506_em_57,506_em_57_0.bmp,506_em_57.bmp,33198,33198,217,146,217,146,L,L,8bbed8e7c08eafc420345ab0ed1abb96a05a2cd1db7001eaac396a99348993d9,8bbed8e7c08eafc420345ab0ed1abb96a05a2cd1db7001eaac396a99348993d9,True,True,True,0.0,0,True,True
506_em_58,506_em_58_0.bmp,506_em_58.bmp,57854,57854,604,94,604,94,L,L,828c0416d50c48f849a71123d7e80b774c62302e9ad39e78dcbf26a6179d03d9,828c0416d50c48f849a71123d7e80b774c62302e9ad39e78dcbf26a6179d03d9,True,True,True,0.0,0,True,True
506_em_59,506_em_59_0.bmp,506_em_59.bmp,9254,9254,109,73,109,73,L,L,d63148d5aaa339990975254ef795b26858017dc627e421b7f5f862079039b1b5,d63148d5aaa339990975254ef795b26858017dc627e421b7f5f862079039b1b5,True,True,True,0.0,0,True,True
506_em_60,506_em_60_0.bmp,506_em_60.bmp,10590,10590,115,82,115,82,L,L,621dd3c201519d3a218c8f56a2da486485c609734ee8beac752c4d97c0ab8c58,621dd3c201519d3a218c8f56a2da486485c609734ee8beac752c4d97c0ab8c58,True,True,True,0.0,0,True,True
506_em_61,506_em_61_0.bmp,506_em_61.bmp,15274,15274,154,91,154,91,L,L,fedaab1d6b7512564f37c52510fc4807331ea35cfa5f136221cf6126f26e3504,fedaab1d6b7512564f37c52510fc4807331ea35cfa5f136221cf6126f26e3504,True,True,True,0.0,0,True,True
506_em_62,506_em_62_0.bmp,506_em_62.bmp,70162,70162,682,101,682,101,L,L,171ea50688883a3075c4526cdb7aefee844c9a22f282135be7104f54ac288591,171ea50688883a3075c4526cdb7aefee844c9a22f282135be7104f54ac288591,True,True,True,0.0,0,True,True
506_em_63,506_em_63_0.bmp,506_em_63.bmp,27974,27974,325,82,325,82,L,L,652811727f2451dc4c4b565b8791b95792253ca6d27cbee956308995828bde62,652811727f2451dc4c4b565b8791b95792253ca6d27cbee956308995828bde62,True,True,True,0.0,0,True,True
506_em_64,506_em_64_0.bmp,506_em_64.bmp,14478,14478,198,67,198,67,L,L,10dbddd0e939a30e68e85e4dad1db596efa8d8a3123a97c4f6de28659c243ead,10dbddd0e939a30e68e85e4dad1db596efa8d8a3123a97c4f6de28659c243ead,True,True,True,0.0,0,True,True
506_em_65,506_em_65_0.bmp,506_em_65.bmp,50770,50770,489,101,489,101,L,L,f39fd648a9cf93d6c96459845b934380a909c072a2c8d012c3ec1a33d60a9c7a,f39fd648a9cf93d6c96459845b934380a909c072a2c8d012c3ec1a33d60a9c7a,True,True,True,0.0,0,True,True
506_em_66,506_em_66_0.bmp,506_em_66.bmp,20118,20118,272,70,272,70,L,L,10ecd5e7105f4e8bb96f0861e3bb3f818ac2061b17e694665efd34fb870c0cff,10ecd5e7105f4e8bb96f0861e3bb3f818ac2061b17e694665efd34fb870c0cff,True,True,True,0.0,0,True,True
506_em_67,506_em_67_0.bmp,506_em_67.bmp,61282,61282,348,173,348,173,L,L,c736634b50ee358bcbc619a54ab23d87d98ecddb1105eb3f11d7156e084a4d72,c736634b50ee358bcbc619a54ab23d87d98ecddb1105eb3f11d7156e084a4d72,True,True,True,0.0,0,True,True
507_em_68,507_em_68_0.bmp,507_em_68.bmp,29678,29678,260,110,260,110,L,L,bc11842d33c29f89a6b1475e0f0640a21a26c17b700cb6a0e23607d17048630c,bc11842d33c29f89a6b1475e0f0640a21a26c17b700cb6a0e23607d17048630c,True,True,True,0.0,0,True,True
507_em_69,507_em_69_0.bmp,507_em_69.bmp,59590,59590,367,159,367,159,L,L,561dd24f14141226af0171ceced0b9b62c135773e24aef288e8988a9a358cc93,561dd24f14141226af0171ceced0b9b62c135773e24aef288e8988a9a358cc93,True,True,True,0.0,0,True,True
507_em_70,507_em_70_0.bmp,507_em_70.bmp,37078,37078,498,72,498,72,L,L,a8d190a58ef8c3918fbb95e6e342002bc06dbd586758663990f78b5e8102174c,a8d190a58ef8c3918fbb95e6e342002bc06dbd586758663990f78b5e8102174c,True,True,True,0.0,0,True,True
507_em_71,507_em_71_0.bmp,507_em_71.bmp,68718,68718,380,178,380,178,L,L,e5b40e5240ac4f69dfac71daaf673d77092890ddc9b9c2d8b6cf9e87cc3ec018,e5b40e5240ac4f69dfac71daaf673d77092890ddc9b9c2d8b6cf9e87cc3ec018,True,True,True,0.0,0,True,True
507_em_72,507_em_72_0.bmp,507_em_72.bmp,67318,67318,479,138,479,138,L,L,3ac5f424ee1053c155077fd4470672a197229d28db14567b59fa640adb091cee,3ac5f424ee1053c155077fd4470672a197229d28db14567b59fa640adb091cee,True,True,True,0.0,0,True,True
507_em_73,507_em_73_0.bmp,507_em_73.bmp,65038,65038,489,130,489,130,L,L,d2c52b3efa8810f23a54e221fe8ec6477f5b10733bbc94bdacc22d994b525b8c,d2c52b3efa8810f23a54e221fe8ec6477f5b10733bbc94bdacc22d994b525b8c,True,True,True,0.0,0,True,True
507_em_74,507_em_74_0.bmp,507_em_74.bmp,73394,73394,713,101,713,101,L,L,dfa09ca58bf36933337a5bd1a28e3876a2d392ae15184a2971da381d20f14e6d,dfa09ca58bf36933337a5bd1a28e3876a2d392ae15184a2971da381d20f14e6d,True,True,True,0.0,0,True,True
507_em_75,507_em_75_0.bmp,507_em_75.bmp,4558,4558,60,58,60,58,L,L,09a5c46762cb0ee71cdb8ccfc49c22beeaea2e5d8d82a5685458325e2c210c13,09a5c46762cb0ee71cdb8ccfc49c22beeaea2e5d8d82a5685458325e2c210c13,True,True,True,0.0,0,True,True
507_em_76,507_em_76_0.bmp,507_em_76.bmp,19182,19182,245,73,245,73,L,L,17128b562c09f6bfa2c62274d76c6796aa20cdf54d8ad7d842dae293db875891,17128b562c09f6bfa2c62274d76c6796aa20cdf54d8ad7d842dae293db875891,True,True,True,0.0,0,True,True
507_em_77,507_em_77_0.bmp,507_em_77.bmp,38698,38698,393,95,393,95,L,L,be5c00b8172206789690fca83e78fbe7da5bb732b5e720144651e551aa838911,be5c00b8172206789690fca83e78fbe7da5bb732b5e720144651e551aa838911,True,True,True,0.0,0,True,True
508_em_78,508_em_78_0.bmp,508_em_78.bmp,44230,44230,495,87,495,87,L,L,e6d198adf2621542f9d1811a703823b8142e108f9c265f4cd40a415eea89cf63,e6d198adf2621542f9d1811a703823b8142e108f9c265f4cd40a415eea89cf63,True,True,True,0.0,0,True,True
508_em_79,508_em_79_0.bmp,508_em_79.bmp,57478,57478,374,150,374,150,L,L,11f9a07cd91d7743213a76160c48939bef2cf3c821fb0f2e5d1f0a692c4af781,11f9a07cd91d7743213a76160c48939bef2cf3c821fb0f2e5d1f0a692c4af781,True,True,True,0.0,0,True,True
508_em_80,508_em_80_0.bmp,508_em_80.bmp,6246,6246,74,68,74,68,L,L,df9ec2f54b8520480a7c467d4531b11ae451cc447715546f139c7504abf81a43,df9ec2f54b8520480a7c467d4531b11ae451cc447715546f139c7504abf81a43,True,True,True,0.0,0,True,True
508_em_81,508_em_81_0.bmp,508_em_81.bmp,30382,30382,441,66,441,66,L,L,6fcfe6f9736d6774eb6e1e163bb2c96f608ba38b06d02a47dbab1ff1c3c18433,6fcfe6f9736d6774eb6e1e163bb2c96f608ba38b06d02a47dbab1ff1c3c18433,True,True,True,0.0,0,True,True
508_em_82,508_em_82_0.bmp,508_em_82.bmp,80566,80566,862,92,862,92,L,L,1c2cff7e62d423fa295c8cbcea76fb098841cf9c606e267ea9fb0c8939f7b8b4,1c2cff7e62d423fa295c8cbcea76fb098841cf9c606e267ea9fb0c8939f7b8b4,True,True,True,0.0,0,True,True
508_em_83,508_em_83_0.bmp,508_em_83.bmp,32182,32182,286,108,286,108,L,L,bbf56c072d86f5248ef1cefaf6e07ee1b41a2141d1b96a296ab4f108927ed8b6,bbf56c072d86f5248ef1cefaf6e07ee1b41a2141d1b96a296ab4f108927ed8b6,True,True,True,0.0,0,True,True
508_em_84,508_em_84_0.bmp,508_em_84.bmp,24790,24790,301,78,301,78,L,L,78bed3ecf3a28daf075d2d7af84f0f7da72250537e2dc0b7136ec21314bc50af,78bed3ecf3a28daf075d2d7af84f0f7da72250537e2dc0b7136ec21314bc50af,True,True,True,0.0,0,True,True
508_em_85,508_em_85_0.bmp,508_em_85.bmp,4954,4954,67,57,67,57,L,L,fb9d65b6fb579b99b6d3b08964b3da691bffb15599a07e8d880db975e2b669ec,fb9d65b6fb579b99b6d3b08964b3da691bffb15599a07e8d880db975e2b669ec,True,True,True,0.0,0,True,True
508_em_86,508_em_86_0.bmp,508_em_86.bmp,35878,35878,464,75,464,75,L,L,3003e721d01b6c42f4b8fc28061a53d94caeafda859cd14f783694316907273f,3003e721d01b6c42f4b8fc28061a53d94caeafda859cd14f783694316907273f,True,True,True,0.0,0,True,True
508_em_87,508_em_87_0.bmp,508_em_87.bmp,32618,32618,379,83,379,83,L,L,72b6a76064ef6b45501b56a7865d7d5e44392f5d08d01bbe271101c5e5b9f00a,72b6a76064ef6b45501b56a7865d7d5e44392f5d08d01bbe271101c5e5b9f00a,True,True,True,0.0,0,True,True
508_em_88,508_em_88_0.bmp,508_em_88.bmp,24758,24758,319,74,319,74,L,L,221b098bc2612ae9fc07c03dcd690334879a4feb4fff9c70ffee7009a535a264,221b098bc2612ae9fc07c03dcd690334879a4feb4fff9c70ffee7009a535a264,True,True,True,0.0,0,True,True
509_em_89,509_em_89_0.bmp,509_em_89.bmp,62198,62198,764,80,764,80,L,L,a153875f8c55de0a07712a12d562624f1c08f16e1b4430c7a8cb43c247fa80d3,a153875f8c55de0a07712a12d562624f1c08f16e1b4430c7a8cb43c247fa80d3,True,True,True,0.0,0,True,True
509_em_90,509_em_90_0.bmp,509_em_90.bmp,10166,10166,125,71,125,71,L,L,958935c3eb1563df23b8d43c148d46d9f595f2b4f1281186eb5774e337e20521,958935c3eb1563df23b8d43c148d46d9f595f2b4f1281186eb5774e337e20521,True,True,True,0.0,0,True,True
509_em_91,509_em_91_0.bmp,509_em_91.bmp,12782,12782,151,77,151,77,L,L,1b3e2241aef2380b0b99b96be7e5947f33557106b0cac258210efc48afca2d5e,1b3e2241aef2380b0b99b96be7e5947f33557106b0cac258210efc48afca2d5e,True,True,True,0.0,0,True,True
509_em_92,509_em_92_0.bmp,509_em_92.bmp,57654,57654,544,104,544,104,L,L,5967edf05e4ee49cecea42a4d30428b24b45b017bd80d14fb8ec6dc49f5e2e97,5967edf05e4ee49cecea42a4d30428b24b45b017bd80d14fb8ec6dc49f5e2e97,True,True,True,0.0,0,True,True
509_em_93,509_em_93_0.bmp,509_em_93.bmp,5022,5022,66,58,66,58,L,L,770743bd81f643f5ea3e4f069ad7d968ee937d31e98eb88b64fa0d986ada280e,770743bd81f643f5ea3e4f069ad7d968ee937d31e98eb88b64fa0d986ada280e,True,True,True,0.0,0,True,True
509_em_94,509_em_94_0.bmp,509_em_94.bmp,40182,40182,416,94,416,94,L,L,340ce9d53454dd4e9fe2ceb99c5e435b2151ab7a6bed84bf63ef8df615f3d1d9,340ce9d53454dd4e9fe2ceb99c5e435b2151ab7a6bed84bf63ef8df615f3d1d9,True,True,True,0.0,0,True,True
509_em_95,509_em_95_0.bmp,509_em_95.bmp,16198,16198,165,90,165,90,L,L,5f4b9802991de3926689b4f8168e840c9159a42754d0f280fbb70fb75ddda267,5f4b9802991de3926689b4f8168e840c9159a42754d0f280fbb70fb75ddda267,True,True,True,0.0,0,True,True
509_em_96,509_em_96_0.bmp,509_em_96.bmp,34166,34166,373,88,373,88,L,L,d176fa030ccb7ff113cb5eb076dd754ab4fcb8b6bca6b62bd73edbfcc33dd971,d176fa030ccb7ff113cb5eb076dd754ab4fcb8b6bca6b62bd73edbfcc33dd971,True,True,True,0.0,0,True,True
509_em_97,509_em_97_0.bmp,509_em_97.bmp,15678,15678,198,73,198,73,L,L,68ba906e4d8433c983bf67bd3cc3a8552e35eadfe27674e34f5b92a82a5c5f10,68ba906e4d8433c983bf67bd3cc3a8552e35eadfe27674e34f5b92a82a5c5f10,True,True,True,0.0,0,True,True
509_em_98,509_em_98_0.bmp,509_em_98.bmp,28006,28006,272,99,272,99,L,L,7bea3341ea008cd0f5e548987652fc5a3cbaefbcc46d5d669fabfdca1daa876b,7bea3341ea008cd0f5e548987652fc5a3cbaefbcc46d5d669fabfdca1daa876b,True,True,True,0.0,0,True,True
509_em_99,509_em_99_0.bmp,509_em_99.bmp,40438,40438,320,123,320,123,L,L,d2abb4eca06aea45e61914aa7224c0c40cc0c1f11a7106d3002b2e50dac42d65,d2abb4eca06aea45e61914aa7224c0c40cc0c1f11a7106d3002b2e50dac42d65,True,True,True,0.0,0,True,True
510_em_100,510_em_100_0.bmp,510_em_100.bmp,61558,61558,478,126,478,126,L,L,effeb791469bace7c910e40e1123bf60a44c593a097a85c213d851140033d6ec,effeb791469bace7c910e40e1123bf60a44c593a097a85c213d851140033d6ec,True,True,True,0.0,0,True,True
510_em_101,510_em_101_0.bmp,510_em_101.bmp,36410,36410,292,121,292,121,L,L,07730dfc0e91920af4a0a29e5daaf7c5233785aacb116dddaec9a03aba8215e7,07730dfc0e91920af4a0a29e5daaf7c5233785aacb116dddaec9a03aba8215e7,True,True,True,0.0,0,True,True
510_em_102,510_em_102_0.bmp,510_em_102.bmp,10518,10518,158,59,158,59,L,L,8ee133cfb6357ebefaddc66af25a95f089461b8333079ffc025acd680c0a8ba9,8ee133cfb6357ebefaddc66af25a95f089461b8333079ffc025acd680c0a8ba9,True,True,True,0.0,0,True,True
510_em_103,510_em_103_0.bmp,510_em_103.bmp,43062,43062,327,128,327,128,L,L,c60133617b267bcc4fb663c1c1d679433c8f3d83690cf5faaabfe254fe331ebe,c60133617b267bcc4fb663c1c1d679433c8f3d83690cf5faaabfe254fe331ebe,True,True,True,0.0,0,True,True
510_em_104,510_em_104_0.bmp,510_em_104.bmp,73974,73974,535,136,535,136,L,L,476eebcf8d92efd18d33e92f225e8c4bcdabdad8822a498f535e04ff90b6be17,476eebcf8d92efd18d33e92f225e8c4bcdabdad8822a498f535e04ff90b6be17,True,True,True,0.0,0,True,True
510_em_105,510_em_105_0.bmp,510_em_105.bmp,6838,6838,63,90,63,90,L,L,7e46306f2b10c8e1a1d002a07f6bdb94399a4f510932ea1deede8cdc8496ae3d,7e46306f2b10c8e1a1d002a07f6bdb94399a4f510932ea1deede8cdc8496ae3d,True,True,True,0.0,0,True,True
510_em_106,510_em_106_0.bmp,510_em_106.bmp,20666,20666,233,83,233,83,L,L,251c595738ce4d109c9bebea1141c7001315ddea112b24ce0c44eeb47d4f94e3,251c595738ce4d109c9bebea1141c7001315ddea112b24ce0c44eeb47d4f94e3,True,True,True,0.0,0,True,True
510_em_107,510_em_107_0.bmp,510_em_107.bmp,16786,16786,201,77,201,77,L,L,53168fe75de54c6fe13212e71242d98c65b8190a1a4ad22f90eeaa9532986611,53168fe75de54c6fe13212e71242d98c65b8190a1a4ad22f90eeaa9532986611,True,True,True,0.0,0,True,True
511_em_250,511_em_250_0.bmp,511_em_250.bmp,8502,8502,115,64,115,64,L,L,b5bff39a1c3be6fc6074597e9d24474f9e547067d16e70b677cb43971f161ef6,b5bff39a1c3be6fc6074597e9d24474f9e547067d16e70b677cb43971f161ef6,True,True,True,0.0,0,True,True
511_em_251,511_em_251_0.bmp,511_em_251.bmp,42350,42350,305,134,305,134,L,L,630783ee6c7830024b48d0e82a307fa876dde6ce3c9a3a8bf85bbaa727d6f21f,630783ee6c7830024b48d0e82a307fa876dde6ce3c9a3a8bf85bbaa727d6f21f,True,True,True,0.0,0,True,True
511_em_252,511_em_252_0.bmp,511_em_252.bmp,12326,12326,150,74,150,74,L,L,ba1e336434d4589588f686d28d517f9f88431608c5c13a06990603a11bdc5ca0,ba1e336434d4589588f686d28d517f9f88431608c5c13a06990603a11bdc5ca0,True,True,True,0.0,0,True,True
511_em_253,511_em_253_0.bmp,511_em_253.bmp,11166,11166,101,97,101,97,L,L,32114ed7f96ee4ed667b68a4711a118c325f36d6d76cf9b85cee0e8bdf1d1eff,32114ed7f96ee4ed667b68a4711a118c325f36d6d76cf9b85cee0e8bdf1d1eff,True,True,True,0.0,0,True,True
511_em_254,511_em_254_0.bmp,511_em_254.bmp,35518,35518,490,70,490,70,L,L,6077135715d5d24aadc5b84b54ff1447070dfb6db3935773cfb2c8a18e43664c,6077135715d5d24aadc5b84b54ff1447070dfb6db3935773cfb2c8a18e43664c,True,True,True,0.0,0,True,True
511_em_255,511_em_255_0.bmp,511_em_255.bmp,7686,7686,112,59,112,59,L,L,636d1368a85ca136b7dff9d6c8004615c497ff9c4ec61a0f4f5b497f4dc6fe2c,636d1368a85ca136b7dff9d6c8004615c497ff9c4ec61a0f4f5b497f4dc6fe2c,True,True,True,0.0,0,True,True
511_em_256,511_em_256_0.bmp,511_em_256.bmp,59758,59758,651,90,651,90,L,L,800f161ec58b93540c09ac000402a0fa008af7aa64b997a255f40c67a4a958c1,800f161ec58b93540c09ac000402a0fa008af7aa64b997a255f40c67a4a958c1,True,True,True,0.0,0,True,True
511_em_257,511_em_257_0.bmp,511_em_257.bmp,5974,5974,69,68,69,68,L,L,82f574dad688eb670f4a6fccb5a6bb97ebe372fd9420822e1ebbaa74259be9a0,82f574dad688eb670f4a6fccb5a6bb97ebe372fd9420822e1ebbaa74259be9a0,True,True,True,0.0,0,True,True
511_em_258,511_em_258_0.bmp,511_em_258.bmp,44478,44478,198,217,198,217,L,L,ba8c25d90f88415c83e135bf19d65714283789445035d73bc4656c6cd09456b1,ba8c25d90f88415c83e135bf19d65714283789445035d73bc4656c6cd09456b1,True,True,True,0.0,0,True,True
511_em_259,511_em_259_0.bmp,511_em_259.bmp,103030,103030,861,118,861,118,L,L,5913a771b4dae1cc6eb12c5ba25b0394ff3488cf6b46dc4fceb0d9869f866122,5913a771b4dae1cc6eb12c5ba25b0394ff3488cf6b46dc4fceb0d9869f866122,True,True,True,0.0,0,True,True
511_em_260,511_em_260_0.bmp,511_em_260.bmp,12330,12330,115,97,115,97,L,L,3fb2d4efafdfaca0ab8029d8552002d9a8bfc76267b78d1589e0aa2c039b0a23,3fb2d4efafdfaca0ab8029d8552002d9a8bfc76267b78d1589e0aa2c039b0a23,True,True,True,0.0,0,True,True
511_em_262,511_em_262_0.bmp,511_em_262.bmp,121366,121366,715,168,715,168,L,L,6a724c6d4f165b96d1b3d0dd9a849e3f73b2d19248cd94e4731d1a3eaf6dab77,6a724c6d4f165b96d1b3d0dd9a849e3f73b2d19248cd94e4731d1a3eaf6dab77,True,True,True,0.0,0,True,True
511_em_264,511_em_264_0.bmp,511_em_264.bmp,20598,20598,243,80,243,80,L,L,1f95c8fbc0d415e2f4eaa8931ab44f8d81c277de5f13af1c5fdaa6dd09c18b31,1f95c8fbc0d415e2f4eaa8931ab44f8d81c277de5f13af1c5fdaa6dd09c18b31,True,True,True,0.0,0,True,True
511_em_265,511_em_265_0.bmp,511_em_265.bmp,5622,5622,64,71,64,71,L,L,4560beb20120c3203fa8bb78ad619d21f64fc4f4c801fc240d09110a57ca0dcc,4560beb20120c3203fa8bb78ad619d21f64fc4f4c801fc240d09110a57ca0dcc,True,True,True,0.0,0,True,True
511_em_266,511_em_266_0.bmp,511_em_266.bmp,17062,17062,106,148,106,148,L,L,c636ab6d3e768b04cb15b48766ba764082b7c9e0e37da3c29bf2b011620f7d33,c636ab6d3e768b04cb15b48766ba764082b7c9e0e37da3c29bf2b011620f7d33,True,True,True,0.0,0,True,True
511_em_267,511_em_267_0.bmp,511_em_267.bmp,22238,22238,181,115,181,115,L,L,2c4c8314d2de481e78c0b2a8c54917f96500ee4bbc094b97f2205a5ed56b7377,2c4c8314d2de481e78c0b2a8c54917f96500ee4bbc094b97f2205a5ed56b7377,True,True,True,0.0,0,True,True
511_em_268,511_em_268_0.bmp,511_em_268.bmp,24206,24206,233,98,233,98,L,L,9bc771eb58472338f16ba297e26fff9559ddee55865b2601ec7ae54622599b4d,9bc771eb58472338f16ba297e26fff9559ddee55865b2601ec7ae54622599b4d,True,True,True,0.0,0,True,True
511_em_269,511_em_269_0.bmp,511_em_269.bmp,70854,70854,353,196,353,196,L,L,1e9d707662c62417e76758027a7220084a202b188210d11cacd70234d5363926,1e9d707662c62417e76758027a7220084a202b188210d11cacd70234d5363926,True,True,True,0.0,0,True,True
511_em_270,511_em_270_0.bmp,511_em_270.bmp,51954,51954,316,161,316,161,L,L,b4cff033c626372391eb0667783cfb8d104dcb36214d5d30ab4857e8339b36cb,b4cff033c626372391eb0667783cfb8d104dcb36214d5d30ab4857e8339b36cb,True,True,True,0.0,0,True,True
511_em_271,511_em_271_0.bmp,511_em_271.bmp,9838,9838,118,73,118,73,L,L,eb353e5dccfe5957ef09316cae9c7aedc58b47ae9731a24d6954cf8c512c1639,eb353e5dccfe5957ef09316cae9c7aedc58b47ae9731a24d6954cf8c512c1639,True,True,True,0.0,0,True,True
511_em_272,511_em_272_0.bmp,511_em_272.bmp,32950,32950,383,83,383,83,L,L,5e898557e94636036c631c487116e2c06caa35076ed9e8f1b5b952e334c28863,5e898557e94636036c631c487116e2c06caa35076ed9e8f1b5b952e334c28863,True,True,True,0.0,0,True,True
511_em_273,511_em_273_0.bmp,511_em_273.bmp,8962,8962,106,73,106,73,L,L,9bcabfb9b799f25e67ee765d79dc2716c44f7459d94ea7001618ea4204f6bd83,9bcabfb9b799f25e67ee765d79dc2716c44f7459d94ea7001618ea4204f6bd83,True,True,True,0.0,0,True,True
511_em_274,511_em_274_0.bmp,511_em_274.bmp,44750,44750,423,103,423,103,L,L,d91bd0e7dd51227f6d575efc6b5efbfa3860070bdde3cfb1e95e73abaa0bfdb0,d91bd0e7dd51227f6d575efc6b5efbfa3860070bdde3cfb1e95e73abaa0bfdb0,True,True,True,0.0,0,True,True
512_em_275,512_em_275_0.bmp,512_em_275.bmp,8850,8850,113,67,113,67,L,L,1d56790f68e71a60a9bf1f822c4414d38726d1b828b02358da279569c7e774ac,1d56790f68e71a60a9bf1f822c4414d38726d1b828b02358da279569c7e774ac,True,True,True,0.0,0,True,True
512_em_276,512_em_276_0.bmp,512_em_276.bmp,46318,46318,346,130,346,130,L,L,6ed06326e572a0790c7a23703437e5d12b75387842d3a6bc88267cbbb4f1bdad,6ed06326e572a0790c7a23703437e5d12b75387842d3a6bc88267cbbb4f1bdad,True,True,True,0.0,0,True,True
512_em_277,512_em_277_0.bmp,512_em_277.bmp,32326,32326,336,93,336,93,L,L,4fec2a0f8cc6d7ac5aaa60f2f16c83bce5096a3429272096d97076e0ef8097ce,4fec2a0f8cc6d7ac5aaa60f2f16c83bce5096a3429272096d97076e0ef8097ce,True,True,True,0.0,0,True,True
512_em_278,512_em_278_0.bmp,512_em_278.bmp,5902,5902,71,67,71,67,L,L,87091e994aa6676e4c24cb6784dfb94a698a6595d0c8e4a4cb736b8188fb5daf,87091e994aa6676e4c24cb6784dfb94a698a6595d0c8e4a4cb736b8188fb5daf,True,True,True,0.0,0,True,True
512_em_279,512_em_279_0.bmp,512_em_279.bmp,56694,56694,315,176,315,176,L,L,9e265c4c8a0f20da2b86c43143d6f2198f5d07ff534591c0b99cc4fac41c8a97,9e265c4c8a0f20da2b86c43143d6f2198f5d07ff534591c0b99cc4fac41c8a97,True,True,True,0.0,0,True,True
512_em_280,512_em_280_0.bmp,512_em_280.bmp,22250,22250,268,79,268,79,L,L,ac8844fbe1f021f5f16fea6fcce770faf955d77f0a0a6d5caaf86d26ab9e5160,ac8844fbe1f021f5f16fea6fcce770faf955d77f0a0a6d5caaf86d26ab9e5160,True,True,True,0.0,0,True,True
512_em_281,512_em_281_0.bmp,512_em_281.bmp,13378,13378,98,123,98,123,L,L,ec90ee939b3d8d23a6b5d81db35dcbdf74b27ea1bf24244bb6d0e4d4c93c8359,ec90ee939b3d8d23a6b5d81db35dcbdf74b27ea1bf24244bb6d0e4d4c93c8359,True,True,True,0.0,0,True,True
512_em_282,512_em_282_0.bmp,512_em_282.bmp,10822,10822,111,87,111,87,L,L,9a5fcb965385db18c9cd94f67fef320fc4031af6c7263d03aa62e2f945d1456d,9a5fcb965385db18c9cd94f67fef320fc4031af6c7263d03aa62e2f945d1456d,True,True,True,0.0,0,True,True
512_em_283,512_em_283_0.bmp,512_em_283.bmp,43758,43758,386,110,386,110,L,L,12e1ac08151a2f75e24c2a6e656466f61d148afc5bacd0d7896d523298c96f1b,12e1ac08151a2f75e24c2a6e656466f61d148afc5bacd0d7896d523298c96f1b,True,True,True,0.0,0,True,True
512_em_284,512_em_284_0.bmp,512_em_284.bmp,19430,19430,246,74,246,74,L,L,8f02216f904222d54b22cabf5965b5d1516c847886fb7f35164fca6706f6a53c,8f02216f904222d54b22cabf5965b5d1516c847886fb7f35164fca6706f6a53c,True,True,True,0.0,0,True,True
512_em_285,512_em_285_0.bmp,512_em_285.bmp,9730,9730,82,103,82,103,L,L,f6186f67e126cbbd48519ed973976b4eee14ca25b4108f4e28ccdc8c532b5f6c,f6186f67e126cbbd48519ed973976b4eee14ca25b4108f4e28ccdc8c532b5f6c,True,True,True,0.0,0,True,True
512_em_286,512_em_286_0.bmp,512_em_286.bmp,51766,51766,287,176,287,176,L,L,83f547adf7698f8100cc9f5c68859d2f7d97cc75d5bf9cc8d7cc6cdb0be9020a,83f547adf7698f8100cc9f5c68859d2f7d97cc75d5bf9cc8d7cc6cdb0be9020a,True,True,True,0.0,0,True,True
512_em_287,512_em_287_0.bmp,512_em_287.bmp,14426,14426,186,71,186,71,L,L,37ce2386f1495e038648a74eace4e16c0d153f71f9bbb1db644974e7b11f55d7,37ce2386f1495e038648a74eace4e16c0d153f71f9bbb1db644974e7b11f55d7,True,True,True,0.0,0,True,True
512_em_288,512_em_288_0.bmp,512_em_288.bmp,8890,8890,122,63,122,63,L,L,5f7d95333505d9aa98b1d79cfbcc89eedb5194da47c9b0df9667d0d62ef5c635,5f7d95333505d9aa98b1d79cfbcc89eedb5194da47c9b0df9667d0d62ef5c635,True,True,True,0.0,0,True,True
512_em_289,512_em_289_0.bmp,512_em_289.bmp,8490,8490,68,109,68,109,L,L,6ba037cd92135560fa20e48612cedad38af70df25869481be6162a2c2a4f9f0f,6ba037cd92135560fa20e48612cedad38af70df25869481be6162a2c2a4f9f0f,True,True,True,0.0,0,True,True
512_em_290,512_em_290_0.bmp,512_em_290.bmp,47446,47446,286,161,286,161,L,L,a02b4311a00efabe4c8851ce95b6864a957691a98b91ed5de96bcae549d128a3,a02b4311a00efabe4c8851ce95b6864a957691a98b91ed5de96bcae549d128a3,True,True,True,0.0,0,True,True
512_em_291,512_em_291_0.bmp,512_em_291.bmp,11574,11574,162,64,162,64,L,L,9e127b4d9e67d506093a6d047cc94c97514f56dc8d2e849989e2a1abd8517cec,9e127b4d9e67d506093a6d047cc94c97514f56dc8d2e849989e2a1abd8517cec,True,True,True,0.0,0,True,True
512_em_292,512_em_292_0.bmp,512_em_292.bmp,44502,44502,366,118,366,118,L,L,18fb66814224058523ffbbe664708b798d9c7f4ffbb6b767b0b62e3ab90f15bb,18fb66814224058523ffbbe664708b798d9c7f4ffbb6b767b0b62e3ab90f15bb,True,True,True,0.0,0,True,True
512_em_293,512_em_293_0.bmp,512_em_293.bmp,74854,74854,422,174,422,174,L,L,719687541a68d860be0c886eb8a774e9c04927a468c0ca359fb803543bb38f1a,719687541a68d860be0c886eb8a774e9c04927a468c0ca359fb803543bb38f1a,True,True,True,0.0,0,True,True
512_em_294,512_em_294_0.bmp,512_em_294.bmp,43918,43918,474,90,474,90,L,L,23253a8391773a66d385dc213e8314f3b3d3538fd13a36a3aced18e8bb4c4eb8,23253a8391773a66d385dc213e8314f3b3d3538fd13a36a3aced18e8bb4c4eb8,True,True,True,0.0,0,True,True
512_em_295,512_em_295_0.bmp,512_em_295.bmp,15742,15742,185,78,185,78,L,L,46f1caf9c4dfef77c0e726a6efbbd451f9b040b6596600e774990a73f6919fcd,46f1caf9c4dfef77c0e726a6efbbd451f9b040b6596600e774990a73f6919fcd,True,True,True,0.0,0,True,True
512_em_296,512_em_296_0.bmp,512_em_296.bmp,5878,5878,62,75,62,75,L,L,a0b8d7318e59d4255a58a35b4f3acbad9563f22a31149af17fd3c0fe0edc3816,a0b8d7318e59d4255a58a35b4f3acbad9563f22a31149af17fd3c0fe0edc3816,True,True,True,0.0,0,True,True
512_em_297,512_em_297_0.bmp,512_em_297.bmp,7910,7910,110,61,110,61,L,L,228c15e00d8a86c1808c4eb60067d116dc9550f31456a4b27a684037d4727a20,228c15e00d8a86c1808c4eb60067d116dc9550f31456a4b27a684037d4727a20,True,True,True,0.0,0,True,True
512_em_298,512_em_298_0.bmp,512_em_298.bmp,85398,85398,493,170,493,170,L,L,f47e197d266ffc6b49d6a06fd7c49c5d1f96f8942ce751be2d6506e652a8c148,f47e197d266ffc6b49d6a06fd7c49c5d1f96f8942ce751be2d6506e652a8c148,True,True,True,0.0,0,True,True
512_em_299,512_em_299_0.bmp,512_em_299.bmp,13086,13086,150,79,150,79,L,L,1e28a6882a3970f3b27c217858218f64e6b0387f693d10f74e930522371a2b1b,1e28a6882a3970f3b27c217858218f64e6b0387f693d10f74e930522371a2b1b,True,True,True,0.0,0,True,True
513_em_300,513_em_300_0.bmp,513_em_300.bmp,52558,52558,438,117,438,117,L,L,24d2f5812be2239dcfb886260816f2aa58374d593fe93a857838816f20dc2b63,24d2f5812be2239dcfb886260816f2aa58374d593fe93a857838816f20dc2b63,True,True,True,0.0,0,True,True
513_em_301,513_em_301_0.bmp,513_em_301.bmp,23798,23798,283,80,283,80,L,L,76f2b75f543a8ec395718f2cd9f3a99592d86fb869c28dc183b20c4defa04f3f,76f2b75f543a8ec395718f2cd9f3a99592d86fb869c28dc183b20c4defa04f3f,True,True,True,0.0,0,True,True
513_em_302,513_em_302_0.bmp,513_em_302.bmp,11506,11506,129,79,129,79,L,L,ac2905717824512b534cbbf457bc94422313c0ad1b73eee5b660881196d02b54,ac2905717824512b534cbbf457bc94422313c0ad1b73eee5b660881196d02b54,True,True,True,0.0,0,True,True
513_em_303,513_em_303_0.bmp,513_em_303.bmp,107210,107210,625,169,625,169,L,L,ebf6754d5011bb5e6d29616eebfbd6912272d9fa5a47f72442ba4b3dad5c6bdb,ebf6754d5011bb5e6d29616eebfbd6912272d9fa5a47f72442ba4b3dad5c6bdb,True,True,True,0.0,0,True,True
513_em_304,513_em_304_0.bmp,513_em_304.bmp,21934,21934,261,79,261,79,L,L,ba82c564573863fc4039357e2aad8ba69e51dc6408ea1500e707bcb5da358076,ba82c564573863fc4039357e2aad8ba69e51dc6408ea1500e707bcb5da358076,True,True,True,0.0,0,True,True
513_em_305,513_em_305_0.bmp,513_em_305.bmp,9838,9838,118,73,118,73,L,L,79b84bc6b31aaa804b15adfcc286a4301e0026c6e7455cd922429e7fd2711239,79b84bc6b31aaa804b15adfcc286a4301e0026c6e7455cd922429e7fd2711239,True,True,True,0.0,0,True,True
513_em_306,513_em_306_0.bmp,513_em_306.bmp,5166,5166,56,73,56,73,L,L,e3449e791bea0c7fa5d07dec5ad4882105f47e6c0e379d7000fa45cda5beac53,e3449e791bea0c7fa5d07dec5ad4882105f47e6c0e379d7000fa45cda5beac53,True,True,True,0.0,0,True,True
513_em_307,513_em_307_0.bmp,513_em_307.bmp,64182,64182,544,116,544,116,L,L,6196591643fec8785c0c2f8ff471e181709127119f49b6d48fd0e1de18e00a55,6196591643fec8785c0c2f8ff471e181709127119f49b6d48fd0e1de18e00a55,True,True,True,0.0,0,True,True
513_em_308,513_em_308_0.bmp,513_em_308.bmp,15298,15298,179,79,179,79,L,L,3870cd6521e49d5166a01d3a69bb1d7e0804d2784aa83f50bacf14f3c1570078,3870cd6521e49d5166a01d3a69bb1d7e0804d2784aa83f50bacf14f3c1570078,True,True,True,0.0,0,True,True
513_em_309,513_em_309_0.bmp,513_em_309.bmp,20458,20458,226,85,226,85,L,L,6000ec160ea951bab2bd956d09bc5544ba0d83ceae8792981f7080be836e1c7f,6000ec160ea951bab2bd956d09bc5544ba0d83ceae8792981f7080be836e1c7f,True,True,True,0.0,0,True,True
513_em_310,513_em_310_0.bmp,513_em_310.bmp,9610,9610,107,79,107,79,L,L,ca0518bd5c479d50ffd341c1878cf4cb766053ac941bc6098550cd84639e1189,ca0518bd5c479d50ffd341c1878cf4cb766053ac941bc6098550cd84639e1189,True,True,True,0.0,0,True,True
513_em_311,513_em_311_0.bmp,513_em_311.bmp,18314,18314,121,139,121,139,L,L,c705f545e30cdfe18ce15d8d619d2c86c7e431ef83df96a8496623e93e72fe9e,c705f545e30cdfe18ce15d8d619d2c86c7e431ef83df96a8496623e93e72fe9e,True,True,True,0.0,0,True,True
513_em_312,513_em_312_0.bmp,513_em_312.bmp,88018,88018,641,135,641,135,L,L,a5ce33a16cafc88ef80dbe2f66b014b6a56e07dd5480bf7b35149257c51382b6,a5ce33a16cafc88ef80dbe2f66b014b6a56e07dd5480bf7b35149257c51382b6,True,True,True,0.0,0,True,True
513_em_313,513_em_313_0.bmp,513_em_313.bmp,5158,5158,46,85,46,85,L,L,749d810bb3cb5335f9d6dc0b674dd64862a78ba551b02348c68ded7ea0465189,749d810bb3cb5335f9d6dc0b674dd64862a78ba551b02348c68ded7ea0465189,True,True,True,0.0,0,True,True
513_em_314,513_em_314_0.bmp,513_em_314.bmp,25078,25078,197,120,197,120,L,L,dabdbdf164c82d28252c48994bc7d35281bed86ab5a2ef3769884ad176d2a507,dabdbdf164c82d28252c48994bc7d35281bed86ab5a2ef3769884ad176d2a507,True,True,True,0.0,0,True,True
513_em_316,513_em_316_0.bmp,513_em_316.bmp,32186,32186,305,101,305,101,L,L,b85fa3261d1cc71e428ba6d440213d90ea43d21c5829325b660030a500b64306,b85fa3261d1cc71e428ba6d440213d90ea43d21c5829325b660030a500b64306,True,True,True,0.0,0,True,True
513_em_317,513_em_317_0.bmp,513_em_317.bmp,25462,25462,189,127,189,127,L,L,30f8e7d9af14b4f5189bcf4cb323d89bb9dbcee984c59aeff395e37eb946fca5,30f8e7d9af14b4f5189bcf4cb323d89bb9dbcee984c59aeff395e37eb946fca5,True,True,True,0.0,0,True,True
513_em_318,513_em_318_0.bmp,513_em_318.bmp,33110,33110,306,104,306,104,L,L,de62af8d551f06a44b6d012fbb50d0a7eaa350308a9203c65dafb62fcb2f6a12,de62af8d551f06a44b6d012fbb50d0a7eaa350308a9203c65dafb62fcb2f6a12,True,True,True,0.0,0,True,True
513_em_319,513_em_319_0.bmp,513_em_319.bmp,8918,8918,111,70,111,70,L,L,798ac800733d9910bfaa53d715466d306d06ac94be7422e7db3d4308f4849759,798ac800733d9910bfaa53d715466d306d06ac94be7422e7db3d4308f4849759,True,True,True,0.0,0,True,True
513_em_320,513_em_320_0.bmp,513_em_320.bmp,4214,4214,55,56,55,56,L,L,bf4c6376eeec7ff1c91c5aa87357856295cdc9f7787bde4b840e274e7ad1cde3,bf4c6376eeec7ff1c91c5aa87357856295cdc9f7787bde4b840e274e7ad1cde3,True,True,True,0.0,0,True,True
513_em_321,513_em_321_0.bmp,513_em_321.bmp,29878,29878,318,90,318,90,L,L,e8a4ca095bfb2bd74cf71fe3012e6dc6a00dadbfe5883ca99e286dad3ae55c4a,e8a4ca095bfb2bd74cf71fe3012e6dc6a00dadbfe5883ca99e286dad3ae55c4a,True,True,True,0.0,0,True,True
513_em_322,513_em_322_0.bmp,513_em_322.bmp,25774,25774,249,98,249,98,L,L,0c0b61e74c6c2bbba1afa94c9123feee7687d79c4207b701fc3e9f93bcada53b,0c0b61e74c6c2bbba1afa94c9123feee7687d79c4207b701fc3e9f93bcada53b,True,True,True,0.0,0,True,True
513_em_323,513_em_323_0.bmp,513_em_323.bmp,29298,29298,331,85,331,85,L,L,b3ea60839b9d2320d4967b9bfabc68a1dbaaa8b68073924302d25a3df61f7a8b,b3ea60839b9d2320d4967b9bfabc68a1dbaaa8b68073924302d25a3df61f7a8b,True,True,True,0.0,0,True,True
513_em_324,513_em_324_0.bmp,513_em_324.bmp,13362,13362,148,83,148,83,L,L,d0a781bf09769e15f80b4a7be1998bba15f3555d813d08451dfa1864c37fac9e,d0a781bf09769e15f80b4a7be1998bba15f3555d813d08451dfa1864c37fac9e,True,True,True,0.0,0,True,True
514_em_325,514_em_325_0.bmp,514_em_325.bmp,217290,217290,1130,191,1130,191,L,L,f387df0b2ba57902e56a248e7a8cd9f06ee7f001cd4f789a1fb464de67d2e1bc,f387df0b2ba57902e56a248e7a8cd9f06ee7f001cd4f789a1fb464de67d2e1bc,True,True,True,0.0,0,True,True
514_em_326,514_em_326_0.bmp,514_em_326.bmp,57238,57238,466,120,466,120,L,L,b0149f6402bc68bd5127ea965a832ee35a69fa139be7372313ac07edb5617f09,b0149f6402bc68bd5127ea965a832ee35a69fa139be7372313ac07edb5617f09,True,True,True,0.0,0,True,True
514_em_327,514_em_327_0.bmp,514_em_327.bmp,55186,55186,667,81,667,81,L,L,335d485f2435289cc2ad0937dc550b2b9aaf1710d3823b161840e5e7d239b29c,335d485f2435289cc2ad0937dc550b2b9aaf1710d3823b161840e5e7d239b29c,True,True,True,0.0,0,True,True
514_em_328,514_em_328_0.bmp,514_em_328.bmp,89978,89978,699,127,699,127,L,L,be001a857fd794e05a266294d78b600378ee1f570372b7b4b57c821374c0dbf9,be001a857fd794e05a266294d78b600378ee1f570372b7b4b57c821374c0dbf9,True,True,True,0.0,0,True,True
514_em_329,514_em_329_0.bmp,514_em_329.bmp,187222,187222,1105,168,1105,168,L,L,ee962a47a99b027c9b8e20b4e47c0cca3c3bad14a6e4c51969f23f96db3d1e0b,ee962a47a99b027c9b8e20b4e47c0cca3c3bad14a6e4c51969f23f96db3d1e0b,True,True,True,0.0,0,True,True
514_em_330,514_em_330_0.bmp,514_em_330.bmp,7798,7798,78,84,78,84,L,L,517ea057cbee967478aee0258a5a37d310d4c1b09c27865d7ed1ca5e9096f24a,517ea057cbee967478aee0258a5a37d310d4c1b09c27865d7ed1ca5e9096f24a,True,True,True,0.0,0,True,True
514_em_331,514_em_331_0.bmp,514_em_331.bmp,42478,42478,551,75,551,75,L,L,c653ffa500b54e25520b65c95f381d6f616914e584c1038d327b80b942c4de9c,c653ffa500b54e25520b65c95f381d6f616914e584c1038d327b80b942c4de9c,True,True,True,0.0,0,True,True
514_em_332,514_em_332_0.bmp,514_em_332.bmp,44922,44922,449,97,449,97,L,L,fd7cb7d0f6de7e60035445579390a199fc64607d582b472daf62259285073634,fd7cb7d0f6de7e60035445579390a199fc64607d582b472daf62259285073634,True,True,True,0.0,0,True,True
514_em_333,514_em_333_0.bmp,514_em_333.bmp,12918,12918,147,80,147,80,L,L,562169b1b13a707961728584a54204f96e77158f1eaed589ca5c8a8080b651a5,562169b1b13a707961728584a54204f96e77158f1eaed589ca5c8a8080b651a5,True,True,True,0.0,0,True,True
514_em_334,514_em_334_0.bmp,514_em_334.bmp,142450,142450,748,189,748,189,L,L,f713a052b5853ddb8522b3b30d771b35bbb9f21d7539b3ddd4833223d68c58e4,f713a052b5853ddb8522b3b30d771b35bbb9f21d7539b3ddd4833223d68c58e4,True,True,True,0.0,0,True,True
514_em_335,514_em_335_0.bmp,514_em_335.bmp,27862,27862,214,124,214,124,L,L,ee114070538a747ef99ee995e4361dfebde7ff97b329de2de96927543a6a89a1,ee114070538a747ef99ee995e4361dfebde7ff97b329de2de96927543a6a89a1,True,True,True,0.0,0,True,True
514_em_336,514_em_336_0.bmp,514_em_336.bmp,5830,5830,72,66,72,66,L,L,fc6406859abb8e037630eb2d7cb33403b3157a955a7a9088f84d1932d2650b54,fc6406859abb8e037630eb2d7cb33403b3157a955a7a9088f84d1932d2650b54,True,True,True,0.0,0,True,True
514_em_337,514_em_337_0.bmp,514_em_337.bmp,11770,11770,129,81,129,81,L,L,15603bc7d8be0b33e220c85f15239e3b623c646a3fabce4e1143710d8de69bdf,15603bc7d8be0b33e220c85f15239e3b623c646a3fabce4e1143710d8de69bdf,True,True,True,0.0,0,True,True
514_em_338,514_em_338_0.bmp,514_em_338.bmp,172054,172054,1247,137,1247,137,L,L,cd4567b1e3e9b0ad79936b13a6bfbceb07caa5f3e4ddb2f3369ba59091c35289,cd4567b1e3e9b0ad79936b13a6bfbceb07caa5f3e4ddb2f3369ba59091c35289,True,True,True,0.0,0,True,True
514_em_339,514_em_339_0.bmp,514_em_339.bmp,26566,26566,234,108,234,108,L,L,52c471f4dc407e7b3fc69f98de7bdc7a1b487cfd423c423e6e639f6960d9538d,52c471f4dc407e7b3fc69f98de7bdc7a1b487cfd423c423e6e639f6960d9538d,True,True,True,0.0,0,True,True
514_em_340,514_em_340_0.bmp,514_em_340.bmp,41558,41558,440,92,440,92,L,L,dd406b9f7bae62b4cdbadf5fc4ff61c919565f2be353e722f21fcf52c56c8ccd,dd406b9f7bae62b4cdbadf5fc4ff61c919565f2be353e722f21fcf52c56c8ccd,True,True,True,0.0,0,True,True
514_em_341,514_em_341_0.bmp,514_em_341.bmp,26422,26422,255,99,255,99,L,L,045e08008ac8be74897c43f42329e0dda47d42ee617c59ced9dda6b85abb65a6,045e08008ac8be74897c43f42329e0dda47d42ee617c59ced9dda6b85abb65a6,True,True,True,0.0,0,True,True
514_em_342,514_em_342_0.bmp,514_em_342.bmp,54470,54470,374,142,374,142,L,L,12bbbdffaa9bf025b154e29cbc45510f8ae7223669280f694e33a88ce04932e1,12bbbdffaa9bf025b154e29cbc45510f8ae7223669280f694e33a88ce04932e1,True,True,True,0.0,0,True,True
514_em_343,514_em_343_0.bmp,514_em_343.bmp,145398,145398,879,164,879,164,L,L,badbde49a5e5e857a4d0ddff8560813996bc1d9528e948c5befdc66e065843a5,badbde49a5e5e857a4d0ddff8560813996bc1d9528e948c5befdc66e065843a5,True,True,True,0.0,0,True,True
514_em_344,514_em_344_0.bmp,514_em_344.bmp,52598,52598,558,92,558,92,L,L,34fc00bad373745c7c66a9a5eec2cab213ca4d8d4a2bf42a7916a4fd76b68243,34fc00bad373745c7c66a9a5eec2cab213ca4d8d4a2bf42a7916a4fd76b68243,True,True,True,0.0,0,True,True
514_em_345,514_em_345_0.bmp,514_em_345.bmp,61558,61558,278,216,278,216,L,L,9ee48bd6d2b1000b9c198c6aa6a0418d20b4d5b911ff8ba8692220e3a13f489c,9ee48bd6d2b1000b9c198c6aa6a0418d20b4d5b911ff8ba8692220e3a13f489c,True,True,True,0.0,0,True,True
514_em_346,514_em_346_0.bmp,514_em_346.bmp,13142,13142,114,104,114,104,L,L,ef0888bbcf57ac53bcc0d3e48692527268d1bbba704dbf6cae054e7f7b486692,ef0888bbcf57ac53bcc0d3e48692527268d1bbba704dbf6cae054e7f7b486692,True,True,True,0.0,0,True,True
514_em_347,514_em_347_0.bmp,514_em_347.bmp,107782,107782,622,171,622,171,L,L,ca49d55f04aaf4fe53f723a43864e60f93faf1ceb713741ef964c36c6196f34a,ca49d55f04aaf4fe53f723a43864e60f93faf1ceb713741ef964c36c6196f34a,True,True,True,0.0,0,True,True
514_em_348,514_em_348_0.bmp,514_em_348.bmp,128870,128870,650,196,650,196,L,L,1aa03cc0121c311ad46e893fa0ee397b21f1b39c7ce78c537886b3272d24f44a,1aa03cc0121c311ad46e893fa0ee397b21f1b39c7ce78c537886b3272d24f44a,True,True,True,0.0,0,True,True
515_em_350,515_em_350_0.bmp,515_em_350.bmp,17278,17278,198,81,198,81,L,L,3488913c1ef0a9bbc04aaf0e2b8f24d5784c350009969824d36e59b38493aecb,3488913c1ef0a9bbc04aaf0e2b8f24d5784c350009969824d36e59b38493aecb,True,True,True,0.0,0,True,True
515_em_351,515_em_351_0.bmp,515_em_351.bmp,14434,14434,209,63,209,63,L,L,cc4801309854b09ea625895824a55a7c9772a1763f963200f6fb552cd873cada,cc4801309854b09ea625895824a55a7c9772a1763f963200f6fb552cd873cada,True,True,True,0.0,0,True,True
515_em_352,515_em_352_0.bmp,515_em_352.bmp,34150,34150,311,106,311,106,L,L,122625c23f5d8df919044778c8d2382b91021d7bcebdf40188bb42905efca4ff,122625c23f5d8df919044778c8d2382b91021d7bcebdf40188bb42905efca4ff,True,True,True,0.0,0,True,True
515_em_353,515_em_353_0.bmp,515_em_353.bmp,41098,41098,458,87,458,87,L,L,082f3382ff97abafae0af891b4982bec8009be219f60d4927581204ea5dc0a38,082f3382ff97abafae0af891b4982bec8009be219f60d4927581204ea5dc0a38,True,True,True,0.0,0,True,True
515_em_354,515_em_354_0.bmp,515_em_354.bmp,11718,11718,151,70,151,70,L,L,6f095decff39518511187870572362594245de998cfafc057a245cb3e3d005d0,6f095decff39518511187870572362594245de998cfafc057a245cb3e3d005d0,True,True,True,0.0,0,True,True
515_em_355,515_em_355_0.bmp,515_em_355.bmp,134998,134998,741,180,741,180,L,L,5c3fa59bf4712fa201854199e0924c52dea0666eb8958e219a2adffae03c0a17,5c3fa59bf4712fa201854199e0924c52dea0666eb8958e219a2adffae03c0a17,True,True,True,0.0,0,True,True
515_em_356,515_em_356_0.bmp,515_em_356.bmp,17126,17126,234,68,234,68,L,L,d12c9eb431b29f51daf48e9ba025a8f516ec606f9c50091cacdf426674c96b4c,d12c9eb431b29f51daf48e9ba025a8f516ec606f9c50091cacdf426674c96b4c,True,True,True,0.0,0,True,True
515_em_357,515_em_357_0.bmp,515_em_357.bmp,72358,72358,717,99,717,99,L,L,de7bc7f4183dc662f456d3accf27fc8063ecf3fe2ba7ba0f28b5d62ec853ec1f,de7bc7f4183dc662f456d3accf27fc8063ecf3fe2ba7ba0f28b5d62ec853ec1f,True,True,True,0.0,0,True,True
515_em_358,515_em_358_0.bmp,515_em_358.bmp,13870,13870,162,78,162,78,L,L,622a1d004243b4cf9c37f2406273346da43b1599b045b6bc5a2fcc1a15d250ba,622a1d004243b4cf9c37f2406273346da43b1599b045b6bc5a2fcc1a15d250ba,True,True,True,0.0,0,True,True
515_em_359,515_em_359_0.bmp,515_em_359.bmp,33094,33094,366,87,366,87,L,L,3a13e0fb83a206fa6b415f7cd47b019b002439b07e8cbb5ceb007707789729e8,3a13e0fb83a206fa6b415f7cd47b019b002439b07e8cbb5ceb007707789729e8,True,True,True,0.0,0,True,True
515_em_360,515_em_360_0.bmp,515_em_360.bmp,9918,9918,103,85,103,85,L,L,a1a886383749675b78cbbdab97415103076df0b6182ba921d20ae95df8773089,a1a886383749675b78cbbdab97415103076df0b6182ba921d20ae95df8773089,True,True,True,0.0,0,True,True
515_em_361,515_em_361_0.bmp,515_em_361.bmp,81878,81878,806,100,806,100,L,L,6eefa1e8ed127c680d3a5eab2e91815426f3b293736990d2ea049031224c42ab,6eefa1e8ed127c680d3a5eab2e91815426f3b293736990d2ea049031224c42ab,True,True,True,0.0,0,True,True
515_em_362,515_em_362_0.bmp,515_em_362.bmp,16054,16054,206,72,206,72,L,L,a4456d7f3dd30353b54259ed8ded3b38003150eb14fd1577131df27a0531dca7,a4456d7f3dd30353b54259ed8ded3b38003150eb14fd1577131df27a0531dca7,True,True,True,0.0,0,True,True
515_em_363,515_em_363_0.bmp,515_em_363.bmp,40978,40978,227,175,227,175,L,L,8f1f0afdf019d66f962ca22c695fac1fd6767a1ce192808cb272d8c55d4364bf,8f1f0afdf019d66f962ca22c695fac1fd6767a1ce192808cb272d8c55d4364bf,True,True,True,0.0,0,True,True
515_em_364,515_em_364_0.bmp,515_em_364.bmp,84038,84038,680,122,680,122,L,L,856a2df7fe29947970747c39094a3f923a794bdb21c88ccf9ef132138c0b6342,856a2df7fe29947970747c39094a3f923a794bdb21c88ccf9ef132138c0b6342,True,True,True,0.0,0,True,True
515_em_365,515_em_365_0.bmp,515_em_365.bmp,45898,45898,331,135,331,135,L,L,728cd6f6fe69635fd4794f1da3989dcf1b02aed28a44da35e5220f304ed3b2de,728cd6f6fe69635fd4794f1da3989dcf1b02aed28a44da35e5220f304ed3b2de,True,True,True,0.0,0,True,True
515_em_366,515_em_366_0.bmp,515_em_366.bmp,30310,30310,333,87,333,87,L,L,c8a5340ae45e6b162bf75c1b8ef905fb4de97d3ed14c11ae7c0f0145f376f49c,c8a5340ae45e6b162bf75c1b8ef905fb4de97d3ed14c11ae7c0f0145f376f49c,True,True,True,0.0,0,True,True
515_em_367,515_em_367_0.bmp,515_em_367.bmp,66042,66042,596,109,596,109,L,L,d4233161d4d5bb194e1fdab59c83c8aa37b689e5b3b0c7a7c8319da14d44e894,d4233161d4d5bb194e1fdab59c83c8aa37b689e5b3b0c7a7c8319da14d44e894,True,True,True,0.0,0,True,True
515_em_368,515_em_368_0.bmp,515_em_368.bmp,10502,10502,124,76,124,76,L,L,a4627f312327fb831a8b7cd2f974eb32183bbf34e7bfff71373e4ff9554d32b8,a4627f312327fb831a8b7cd2f974eb32183bbf34e7bfff71373e4ff9554d32b8,True,True,True,0.0,0,True,True
515_em_369,515_em_369_0.bmp,515_em_369.bmp,64710,64710,654,97,654,97,L,L,6372a3c2e84cdaadd86a9096e23977b190d252427e69053571037f55a75425c1,6372a3c2e84cdaadd86a9096e23977b190d252427e69053571037f55a75425c1,True,True,True,0.0,0,True,True
515_em_370,515_em_370_0.bmp,515_em_370.bmp,13870,13870,162,78,162,78,L,L,98f0b494a442d541716900d8b69969aa177fbbc1b984956da3a1ba71f4b04690,98f0b494a442d541716900d8b69969aa177fbbc1b984956da3a1ba71f4b04690,True,True,True,0.0,0,True,True
515_em_371,515_em_371_0.bmp,515_em_371.bmp,78134,78134,341,224,341,224,L,L,30e2ebc54c3f35cebc4ae9460fe8fd23779852fac8c0f9a90642a1153f1177d4,30e2ebc54c3f35cebc4ae9460fe8fd23779852fac8c0f9a90642a1153f1177d4,True,True,True,0.0,0,True,True
515_em_372,515_em_372_0.bmp,515_em_372.bmp,31578,31578,244,125,244,125,L,L,124e6619566356169f243dc0d5f15d0e2a26b9ab5974a4bcb934a4338a16fe1a,124e6619566356169f243dc0d5f15d0e2a26b9ab5974a4bcb934a4338a16fe1a,True,True,True,0.0,0,True,True
515_em_373,515_em_373_0.bmp,515_em_373.bmp,6358,6358,79,66,79,66,L,L,a5845d80ed301ada8ee66a9c0a2e5a6385b834c9481642ad8d7fe300ca452f00,a5845d80ed301ada8ee66a9c0a2e5a6385b834c9481642ad8d7fe300ca452f00,True,True,True,0.0,0,True,True
515_em_374,515_em_374_0.bmp,515_em_374.bmp,37510,37510,394,92,394,92,L,L,231889d9952802c038ce645f4077e4c71765aa4b45ae58a5df36c9285cafd937,231889d9952802c038ce645f4077e4c71765aa4b45ae58a5df36c9285cafd937,True,True,True,0.0,0,True,True
516_em_376,516_em_376_0.bmp,516_em_376.bmp,11750,11750,115,92,115,92,L,L,56614584dbf7b2b00e4adae285dc93a671f3cccc5eb12b844031b9dc4add50f7,56614584dbf7b2b00e4adae285dc93a671f3cccc5eb12b844031b9dc4add50f7,True,True,True,0.0,0,True,True
516_em_377,516_em_377_0.bmp,516_em_377.bmp,57658,57658,490,115,490,115,L,L,d397e846a68e8c24ace020756f5c6934bf104d8f994ca01ee76b5fd8b9754e3b,d397e846a68e8c24ace020756f5c6934bf104d8f994ca01ee76b5fd8b9754e3b,True,True,True,0.0,0,True,True
516_em_378,516_em_378_0.bmp,516_em_378.bmp,26538,26538,268,95,268,95,L,L,dd066ad7105a853183a2a108fcb1ba1e5483bfae56946cfcf2962a208e3a3c8c,dd066ad7105a853183a2a108fcb1ba1e5483bfae56946cfcf2962a208e3a3c8c,True,True,True,0.0,0,True,True
516_em_379,516_em_379_0.bmp,516_em_379.bmp,34822,34822,295,114,295,114,L,L,f4096086a2625fde214a0d4d54afd0192fe5928b98287b3d9ec0fb84e7b239d2,f4096086a2625fde214a0d4d54afd0192fe5928b98287b3d9ec0fb84e7b239d2,True,True,True,0.0,0,True,True
516_em_380,516_em_380_0.bmp,516_em_380.bmp,28634,28634,332,83,332,83,L,L,ccec29b89a461937ba78b0e3566b58fbf0aa0420574b03e86ea6a65905a49d8d,ccec29b89a461937ba78b0e3566b58fbf0aa0420574b03e86ea6a65905a49d8d,True,True,True,0.0,0,True,True
516_em_382,516_em_382_0.bmp,516_em_382.bmp,45310,45310,456,97,456,97,L,L,805ff358b5205bb3d35f0128f85f9db4b74c2a3a48b0965d58f5a0040bdf277a,805ff358b5205bb3d35f0128f85f9db4b74c2a3a48b0965d58f5a0040bdf277a,True,True,True,0.0,0,True,True
516_em_383,516_em_383_0.bmp,516_em_383.bmp,8098,8098,108,65,108,65,L,L,984be41784f0455b6496fa0ca7edd3761a3f90abe48042750a05b83bfddbeb92,984be41784f0455b6496fa0ca7edd3761a3f90abe48042750a05b83bfddbeb92,True,True,True,0.0,0,True,True
516_em_384,516_em_384_0.bmp,516_em_384.bmp,21502,21502,276,74,276,74,L,L,45b4e52b52b9ce61b2eb7cbb4e9dabee1a41830bb77a1179141f4be705fea099,45b4e52b52b9ce61b2eb7cbb4e9dabee1a41830bb77a1179141f4be705fea099,True,True,True,0.0,0,True,True
516_em_385,516_em_385_0.bmp,516_em_385.bmp,20438,20438,218,88,218,88,L,L,6e783556f988815b71ed2974c17579e2e9ecbc130d5262a57f7c9abd5a3a9c14,6e783556f988815b71ed2974c17579e2e9ecbc130d5262a57f7c9abd5a3a9c14,True,True,True,0.0,0,True,True
516_em_386,516_em_386_0.bmp,516_em_386.bmp,5830,5830,69,66,69,66,L,L,bb99870e975e1f7f35e1745ca0f3b4beef2c277b9b078d81f54ac429d1c5764c,bb99870e975e1f7f35e1745ca0f3b4beef2c277b9b078d81f54ac429d1c5764c,True,True,True,0.0,0,True,True
516_em_387,516_em_387_0.bmp,516_em_387.bmp,49950,49950,595,82,595,82,L,L,9bd5990d022e64a80781918a31825de911ae9501dad1d3a0f9944bd1b48d4bb5,9bd5990d022e64a80781918a31825de911ae9501dad1d3a0f9944bd1b48d4bb5,True,True,True,0.0,0,True,True
516_em_388,516_em_388_0.bmp,516_em_388.bmp,19030,19030,202,88,202,88,L,L,9f76e0b01c8a53827e412c75a8a47c774d508f7c22e3a577c0fc5614b3b267e7,9f76e0b01c8a53827e412c75a8a47c774d508f7c22e3a577c0fc5614b3b267e7,True,True,True,0.0,0,True,True
516_em_389,516_em_389_0.bmp,516_em_389.bmp,35182,35182,391,87,391,87,L,L,8ee2848522deccb6a36f367312304677b6cb055e0b18e2f315a8ace1195458c0,8ee2848522deccb6a36f367312304677b6cb055e0b18e2f315a8ace1195458c0,True,True,True,0.0,0,True,True
516_em_390,516_em_390_0.bmp,516_em_390.bmp,16758,16758,137,112,137,112,L,L,e5de14e9331caaac91c875ad6fe483d9c643c885d563e359a4052e650611a75c,e5de14e9331caaac91c875ad6fe483d9c643c885d563e359a4052e650611a75c,True,True,True,0.0,0,True,True
516_em_392,516_em_392_0.bmp,516_em_392.bmp,34930,34930,369,91,369,91,L,L,faa54c55193445e27ebdf52646fe27c4770fbcb73cb21b532370f84161365e24,faa54c55193445e27ebdf52646fe27c4770fbcb73cb21b532370f84161365e24,True,True,True,0.0,0,True,True
516_em_393,516_em_393_0.bmp,516_em_393.bmp,7606,7606,95,68,95,68,L,L,5ffb682e083b847f74e37c683d96bed802a2e458cb52a2970269206d05895e90,5ffb682e083b847f74e37c683d96bed802a2e458cb52a2970269206d05895e90,True,True,True,0.0,0,True,True
516_em_394,516_em_394_0.bmp,516_em_394.bmp,39862,39862,383,101,383,101,L,L,1997e90790c959c4b3150d2e050de851cd227c3ce3e107376af73501377b7247,1997e90790c959c4b3150d2e050de851cd227c3ce3e107376af73501377b7247,True,True,True,0.0,0,True,True
516_em_395,516_em_395_0.bmp,516_em_395.bmp,9502,9502,156,54,156,54,L,L,448cb473fc37c8b0c7845772efb892bb0ea4d2fe198f0cb255b338d73594a990,448cb473fc37c8b0c7845772efb892bb0ea4d2fe198f0cb255b338d73594a990,True,True,True,0.0,0,True,True
516_em_396,516_em_396_0.bmp,516_em_396.bmp,31182,31182,283,106,283,106,L,L,ade3b7494d3a63e1c9a009fda683cd2b4cc68cf41cff701f9a093c2417f3d1d3,ade3b7494d3a63e1c9a009fda683cd2b4cc68cf41cff701f9a093c2417f3d1d3,True,True,True,0.0,0,True,True
516_em_397,516_em_397_0.bmp,516_em_397.bmp,75862,75862,606,123,606,123,L,L,79ca06753ebf1619fa9bedb3827d5efbc55ae3bb1c6594313748d6b08ef6f05d,79ca06753ebf1619fa9bedb3827d5efbc55ae3bb1c6594313748d6b08ef6f05d,True,True,True,0.0,0,True,True
516_em_398,516_em_398_0.bmp,516_em_398.bmp,55958,55958,560,98,560,98,L,L,4830137f58072ec2e4bf8397238895bba1fb481d9adda779717658dd72373f97,4830137f58072ec2e4bf8397238895bba1fb481d9adda779717658dd72373f97,True,True,True,0.0,0,True,True
516_em_399,516_em_399_0.bmp,516_em_399.bmp,13558,13558,101,120,101,120,L,L,88836c5a68e5477838c7a8e6aea019c41ec3ec79789ec0ad81984771d9dd8404,88836c5a68e5477838c7a8e6aea019c41ec3ec79789ec0ad81984771d9dd8404,True,True,True,0.0,0,True,True
517_em_400,517_em_400_0.bmp,517_em_400.bmp,34594,34594,226,147,226,147,L,L,6bd07e12e2a68a7eb9492051c03135f38cc726896f35c305865a559c1b97bcde,6bd07e12e2a68a7eb9492051c03135f38cc726896f35c305865a559c1b97bcde,True,True,True,0.0,0,True,True
517_em_401,517_em_401_0.bmp,517_em_401.bmp,34038,34038,409,80,409,80,L,L,c25bda51d269782cc3d5ab647835f908f4857bdfcb9a5d14f82d959b6dd3b88a,c25bda51d269782cc3d5ab647835f908f4857bdfcb9a5d14f82d959b6dd3b88a,True,True,True,0.0,0,True,True
517_em_402,517_em_402_0.bmp,517_em_402.bmp,9134,9134,73,106,73,106,L,L,c4582bff484ada6e5b6c841a612ef794cd48db1711e706d8ba107eed376eda68,c4582bff484ada6e5b6c841a612ef794cd48db1711e706d8ba107eed376eda68,True,True,True,0.0,0,True,True
517_em_403,517_em_403_0.bmp,517_em_403.bmp,83158,83158,757,108,757,108,L,L,0dce1b7938cd21c9c5730f9c478f6f40c2a7b4d71e2d350b6c83a2785aae2a7b,0dce1b7938cd21c9c5730f9c478f6f40c2a7b4d71e2d350b6c83a2785aae2a7b,True,True,True,0.0,0,True,True
517_em_404,517_em_404_0.bmp,517_em_404.bmp,6198,6198,78,64,78,64,L,L,3001f9a9afcaa6f4d6d4c9e08dbd6a61de688e0bbf06348bbc735ef7fb168171,3001f9a9afcaa6f4d6d4c9e08dbd6a61de688e0bbf06348bbc735ef7fb168171,True,True,True,0.0,0,True,True
517_em_405,517_em_405_0.bmp,517_em_405.bmp,45486,45486,362,122,362,122,L,L,81d12e3cea65ca6a1050a0e86977aeaa84070190fb46c4a3620143f6901184f7,81d12e3cea65ca6a1050a0e86977aeaa84070190fb46c4a3620143f6901184f7,True,True,True,0.0,0,True,True
517_em_406,517_em_406_0.bmp,517_em_406.bmp,9394,9394,108,77,108,77,L,L,c008526be329053d17d2338412e65607ee682316510bb9dff808381d7430c399,c008526be329053d17d2338412e65607ee682316510bb9dff808381d7430c399,True,True,True,0.0,0,True,True
517_em_407,517_em_407_0.bmp,517_em_407.bmp,71878,71878,400,177,400,177,L,L,179bd363e72f0b581d4d7405ddb3ab69685bfffe5e7349621efe723aeaa64408,179bd363e72f0b581d4d7405ddb3ab69685bfffe5e7349621efe723aeaa64408,True,True,True,0.0,0,True,True
517_em_408,517_em_408_0.bmp,517_em_408.bmp,31582,31582,326,93,326,93,L,L,59a87701ee330e6b90bb0796270bee37cec19696be683f60a421e7a2487e9e2c,59a87701ee330e6b90bb0796270bee37cec19696be683f60a421e7a2487e9e2c,True,True,True,0.0,0,True,True
517_em_409,517_em_409_0.bmp,517_em_409.bmp,32034,32034,283,109,283,109,L,L,a3af23ba5ee9df46c0abf4fe122fb22dd70df0dfd7cc36d96be4d61c7ba5997e,a3af23ba5ee9df46c0abf4fe122fb22dd70df0dfd7cc36d96be4d61c7ba5997e,True,True,True,0.0,0,True,True
517_em_410,517_em_410_0.bmp,517_em_410.bmp,6582,6582,63,86,63,86,L,L,ea43b7472d697759f6857f439bfd21052ccad33459368b464f2b4dbe4090c114,ea43b7472d697759f6857f439bfd21052ccad33459368b464f2b4dbe4090c114,True,True,True,0.0,0,True,True
517_em_411,517_em_411_0.bmp,517_em_411.bmp,14994,14994,194,71,194,71,L,L,7c63afa1d5c75005782c6e4b0ce709a13f9b837e705b36b2a7f2d04cc303312f,7c63afa1d5c75005782c6e4b0ce709a13f9b837e705b36b2a7f2d04cc303312f,True,True,True,0.0,0,True,True
517_em_412,517_em_412_0.bmp,517_em_412.bmp,88018,88018,643,135,643,135,L,L,6928f85ccfab0208359ee4c316f23a4cb139a23323d2575572545eb2ace2e67b,6928f85ccfab0208359ee4c316f23a4cb139a23323d2575572545eb2ace2e67b,True,True,True,0.0,0,True,True
517_em_413,517_em_413_0.bmp,517_em_413.bmp,47170,47170,275,167,275,167,L,L,45b2fe198e0f11cb6ea54de469946412aec4b4fdaaafb6824a36197bbb056101,45b2fe198e0f11cb6ea54de469946412aec4b4fdaaafb6824a36197bbb056101,True,True,True,0.0,0,True,True
518_em_414,518_em_414_0.bmp,518_em_414.bmp,49478,49478,400,121,400,121,L,L,119fb55116b1367a1e9a8031da4e3a65e22e6f76d397f8a480d2c25b0e36d111,119fb55116b1367a1e9a8031da4e3a65e22e6f76d397f8a480d2c25b0e36d111,True,True,True,0.0,0,True,True
518_em_415,518_em_415_0.bmp,518_em_415.bmp,7558,7558,71,90,71,90,L,L,ea53018ec3ac1fab5a433764ea00a0982ad335c4bfad9e61c357e959269a50b8,ea53018ec3ac1fab5a433764ea00a0982ad335c4bfad9e61c357e959269a50b8,True,True,True,0.0,0,True,True
518_em_416,518_em_416_0.bmp,518_em_416.bmp,19522,19522,212,87,212,87,L,L,534b2e37ed02e615fe052f0cc105621b8a8b0bfce20315802b9cc00195835b10,534b2e37ed02e615fe052f0cc105621b8a8b0bfce20315802b9cc00195835b10,True,True,True,0.0,0,True,True
518_em_417,518_em_417_0.bmp,518_em_417.bmp,51254,51254,392,128,392,128,L,L,33f9834ef58ebbda1cf8968fdbddb7339a19fe9ab3d362c28e44b66f623d58d6,33f9834ef58ebbda1cf8968fdbddb7339a19fe9ab3d362c28e44b66f623d58d6,True,True,True,0.0,0,True,True
518_em_418,518_em_418_0.bmp,518_em_418.bmp,11226,11226,171,59,171,59,L,L,98e18c62d9bd9857e46e1eb739aa8c93ee3406917e4302894273f06cb5a80e4a,98e18c62d9bd9857e46e1eb739aa8c93ee3406917e4302894273f06cb5a80e4a,True,True,True,0.0,0,True,True
518_em_419,518_em_419_0.bmp,518_em_419.bmp,23814,23814,232,98,232,98,L,L,4a6b3a44d62a3e870a711802b99acc4483f1d615520e0d45f61bf985813f56b3,4a6b3a44d62a3e870a711802b99acc4483f1d615520e0d45f61bf985813f56b3,True,True,True,0.0,0,True,True
518_em_420,518_em_420_0.bmp,518_em_420.bmp,80038,80038,419,188,419,188,L,L,2dfa3747ade0b4cb50a2cdf1418282aa443d5f73690316de0d5a88bb1b4f6050,2dfa3747ade0b4cb50a2cdf1418282aa443d5f73690316de0d5a88bb1b4f6050,True,True,True,0.0,0,True,True
518_em_421,518_em_421_0.bmp,518_em_421.bmp,10750,10750,121,78,121,78,L,L,cc465bdef47fcce18ef9c6e0931eac93d3c731b90bb79b09410b4d77ce18d177,cc465bdef47fcce18ef9c6e0931eac93d3c731b90bb79b09410b4d77ce18d177,True,True,True,0.0,0,True,True
518_em_422,518_em_422_0.bmp,518_em_422.bmp,82270,82270,796,102,796,102,L,L,0d0a7d69470b48a1aedacac05a666b0eb1bfa03253c214b6b09009dd0186da7b,0d0a7d69470b48a1aedacac05a666b0eb1bfa03253c214b6b09009dd0186da7b,True,True,True,0.0,0,True,True
518_em_423,518_em_423_0.bmp,518_em_423.bmp,9502,9502,101,81,101,81,L,L,d0d7d795e2106102a30ad1cb564bb04b1333bc3a90c42364246ead70b01c9698,d0d7d795e2106102a30ad1cb564bb04b1333bc3a90c42364246ead70b01c9698,True,True,True,0.0,0,True,True
518_em_424,518_em_424_0.bmp,518_em_424.bmp,20278,20278,256,75,256,75,L,L,8a0e292d079f3afb76959e17ce6a3b9470ec9111eaf661bb68926f8582a6ffba,8a0e292d079f3afb76959e17ce6a3b9470ec9111eaf661bb68926f8582a6ffba,True,True,True,0.0,0,True,True
518_em_425,518_em_425_0.bmp,518_em_425.bmp,54142,54142,534,99,534,99,L,L,18d443298c32f7ff15d0b9fc0dd7ced4a2af94290d63f19ff1edab5cbc5d308d,18d443298c32f7ff15d0b9fc0dd7ced4a2af94290d63f19ff1edab5cbc5d308d,True,True,True,0.0,0,True,True
518_em_426,518_em_426_0.bmp,518_em_426.bmp,76774,76774,455,166,455,166,L,L,22c5a6ab1d4a30040f3f83f5a1378a398065c44dc061f8406e61f5c40740cc66,22c5a6ab1d4a30040f3f83f5a1378a398065c44dc061f8406e61f5c40740cc66,True,True,True,0.0,0,True,True
518_em_427,518_em_427_0.bmp,518_em_427.bmp,15970,15970,202,73,202,73,L,L,965e0a20d666ce348320e60dcc858aacc110f84c4c451c18cf7c5c52d136384d,965e0a20d666ce348320e60dcc858aacc110f84c4c451c18cf7c5c52d136384d,True,True,True,0.0,0,True,True
518_em_428,518_em_428_0.bmp,518_em_428.bmp,22390,22390,296,72,296,72,L,L,13913d5f1bfe479b8cfd7b65da37464e98a369a029b8c5f3f891c972048c6404,13913d5f1bfe479b8cfd7b65da37464e98a369a029b8c5f3f891c972048c6404,True,True,True,0.0,0,True,True
518_em_429,518_em_429_0.bmp,518_em_429.bmp,29754,29754,427,67,427,67,L,L,945a4c0639c2cbab65964bba15a4c227727fa1f3d4fd61bdef740789a93e5f3d,945a4c0639c2cbab65964bba15a4c227727fa1f3d4fd61bdef740789a93e5f3d,True,True,True,0.0,0,True,True
518_em_430,518_em_430_0.bmp,518_em_430.bmp,32278,32278,240,130,240,130,L,L,db720fd1b84c0175fb761a531d7ede4a6c801e8c264f59916cc39c5d37c969c2,db720fd1b84c0175fb761a531d7ede4a6c801e8c264f59916cc39c5d37c969c2,True,True,True,0.0,0,True,True
518_em_431,518_em_431_0.bmp,518_em_431.bmp,43062,43062,510,82,510,82,L,L,f9e8f86f7d627c3bc3200c11cb156d326b0c72858e5a33e0bdb0c84d7ffd4bd4,f9e8f86f7d627c3bc3200c11cb156d326b0c72858e5a33e0bdb0c84d7ffd4bd4,True,True,True,0.0,0,True,True
518_em_432,518_em_432_0.bmp,518_em_432.bmp,13174,13174,144,84,144,84,L,L,ed8befd45d7702e298f6177ddf8a4d0df6c23656777830907901b0f619742861,ed8befd45d7702e298f6177ddf8a4d0df6c23656777830907901b0f619742861,True,True,True,0.0,0,True,True
518_em_433,518_em_433_0.bmp,518_em_433.bmp,7502,7502,86,73,86,73,L,L,93d6829b9a68427317cd2e94aa8b5bd80de103afacf10d69616e38f7284146b4,93d6829b9a68427317cd2e94aa8b5bd80de103afacf10d69616e38f7284146b4,True,True,True,0.0,0,True,True
518_em_434,518_em_434_0.bmp,518_em_434.bmp,98998,98998,611,160,611,160,L,L,a88bd73f348512c893a4348f4e83edf06f366d0cb769404507b6f2d46fd8cbf1,a88bd73f348512c893a4348f4e83edf06f366d0cb769404507b6f2d46fd8cbf1,True,True,True,0.0,0,True,True
518_em_435,518_em_435_0.bmp,518_em_435.bmp,45566,45566,330,134,330,134,L,L,cf78d5a4a609821cc2be2bd556ea0efd106075c19d5bb00afed2fddfb53f6934,cf78d5a4a609821cc2be2bd556ea0efd106075c19d5bb00afed2fddfb53f6934,True,True,True,0.0,0,True,True
518_em_436,518_em_436_0.bmp,518_em_436.bmp,7990,7990,105,64,105,64,L,L,b47f1a9de82e5aecbc48571a83880d22b493afd87aaeb8f8b37dd6fc2188dd51,b47f1a9de82e5aecbc48571a83880d22b493afd87aaeb8f8b37dd6fc2188dd51,True,True,True,0.0,0,True,True
518_em_437,518_em_437_0.bmp,518_em_437.bmp,37798,37798,432,85,432,85,L,L,2cc6018beca89d9940b8d6dc645026c5786cb4fd7a74663a0bfb11fdb965f4e6,2cc6018beca89d9940b8d6dc645026c5786cb4fd7a74663a0bfb11fdb965f4e6,True,True,True,0.0,0,True,True
518_em_438,518_em_438_0.bmp,518_em_438.bmp,19642,19642,156,119,156,119,L,L,fc09fb09eb48be428646391cb1de7351cfb84d8c9b6371a948cb06ce3a532525,fc09fb09eb48be428646391cb1de7351cfb84d8c9b6371a948cb06ce3a532525,True,True,True,0.0,0,True,True
519_em_439,519_em_439_0.bmp,519_em_439.bmp,60694,60694,551,108,551,108,L,L,a95534be0a1ddc6b4f3cf8545aa9bf0725a57941e8df41a048afb424c1964157,a95534be0a1ddc6b4f3cf8545aa9bf0725a57941e8df41a048afb424c1964157,True,True,True,0.0,0,True,True
519_em_440,519_em_440_0.bmp,519_em_440.bmp,20118,20118,139,136,139,136,L,L,a39a8910b67afb66d13c6024a16f864d23f0aa4a32fb90d577e56f7d10652810,a39a8910b67afb66d13c6024a16f864d23f0aa4a32fb90d577e56f7d10652810,True,True,True,0.0,0,True,True
519_em_441,519_em_441_0.bmp,519_em_441.bmp,37738,37738,260,141,260,141,L,L,f8816ea5e4fcad5373804ab69f22ac57249f31907215ceb39cdab6884c5b109e,f8816ea5e4fcad5373804ab69f22ac57249f31907215ceb39cdab6884c5b109e,True,True,True,0.0,0,True,True
519_em_442,519_em_442_0.bmp,519_em_442.bmp,15870,15870,169,86,169,86,L,L,910485793ee487a97e5deb36fb16fd2cd52cf53048d2bb1d412016ac6ded3f47,910485793ee487a97e5deb36fb16fd2cd52cf53048d2bb1d412016ac6ded3f47,True,True,True,0.0,0,True,True
519_em_443,519_em_443_0.bmp,519_em_443.bmp,77518,77518,839,91,839,91,L,L,2cc52948643445385f57ae68ce91b94a64701268a2ccd93044ef133aae4a259d,2cc52948643445385f57ae68ce91b94a64701268a2ccd93044ef133aae4a259d,True,True,True,0.0,0,True,True
519_em_444,519_em_444_0.bmp,519_em_444.bmp,62578,62578,500,123,500,123,L,L,0bd13b64ee67f48dbf43bc4e23ec520e82b79b878ca7c6f6fe4da60a2d515bd9,0bd13b64ee67f48dbf43bc4e23ec520e82b79b878ca7c6f6fe4da60a2d515bd9,True,True,True,0.0,0,True,True
519_em_445,519_em_445_0.bmp,519_em_445.bmp,5366,5366,61,67,61,67,L,L,ad0e42b141fb59b271962ac997af0ddde0945fb9fc9976544b56f14d4a167bdd,ad0e42b141fb59b271962ac997af0ddde0945fb9fc9976544b56f14d4a167bdd,True,True,True,0.0,0,True,True
519_em_447,519_em_447_0.bmp,519_em_447.bmp,28726,28726,215,128,215,128,L,L,46646d2d7496d0a97ea66e2a58a460cd691584a2023c2a17cd348297cc19cf98,46646d2d7496d0a97ea66e2a58a460cd691584a2023c2a17cd348297cc19cf98,True,True,True,0.0,0,True,True
519_em_448,519_em_448_0.bmp,519_em_448.bmp,40318,40318,435,90,435,90,L,L,9cd5ac00600be278c45adba13607e04fe31e321b6313862861b1d95179c48605,9cd5ac00600be278c45adba13607e04fe31e321b6313862861b1d95179c48605,True,True,True,0.0,0,True,True
519_em_450,519_em_450_0.bmp,519_em_450.bmp,20910,20910,265,74,265,74,L,L,1a8a79fb889b4938f9d13c9bcdf024b04b0d91c53122f833b75df343568fff7f,1a8a79fb889b4938f9d13c9bcdf024b04b0d91c53122f833b75df343568fff7f,True,True,True,0.0,0,True,True
519_em_451,519_em_451_0.bmp,519_em_451.bmp,40978,40978,530,75,530,75,L,L,703984e56f585e2a30f7621ec1587a02a2f289699b5de5c7e2cf395a2619e142,703984e56f585e2a30f7621ec1587a02a2f289699b5de5c7e2cf395a2619e142,True,True,True,0.0,0,True,True
519_em_452,519_em_452_0.bmp,519_em_452.bmp,47878,47878,297,156,297,156,L,L,383b331f67181b4b69b42765931a4f0b6065f60b6e8b4adffcbdbb9c52ab14c4,383b331f67181b4b69b42765931a4f0b6065f60b6e8b4adffcbdbb9c52ab14c4,True,True,True,0.0,0,True,True
519_em_454,519_em_454_0.bmp,519_em_454.bmp,66618,66618,579,113,579,113,L,L,0ca99fdf8c667b0521d3c64a368f35db472173408cb8f678d000f34a2b7a55d1,0ca99fdf8c667b0521d3c64a368f35db472173408cb8f678d000f34a2b7a55d1,True,True,True,0.0,0,True,True
519_em_456,519_em_456_0.bmp,519_em_456.bmp,44030,44030,471,91,471,91,L,L,cfbec2dc73aadb54944404130e39cdb20764b46acc6e1a23d24e3026112cb36c,cfbec2dc73aadb54944404130e39cdb20764b46acc6e1a23d24e3026112cb36c,True,True,True,0.0,0,True,True
519_em_457,519_em_457_0.bmp,519_em_457.bmp,31318,31318,358,84,358,84,L,L,778735782b82316b18ded4c8ab4366502a98f7a27b0320abbed634b6200e1cd0,778735782b82316b18ded4c8ab4366502a98f7a27b0320abbed634b6200e1cd0,True,True,True,0.0,0,True,True
519_em_458,519_em_458_0.bmp,519_em_458.bmp,29698,29698,177,159,177,159,L,L,818ebee68ac44b3a5b549428bbb9db1a8ddb65493ebea00f942b4129f51663bc,818ebee68ac44b3a5b549428bbb9db1a8ddb65493ebea00f942b4129f51663bc,True,True,True,0.0,0,True,True
519_em_459,519_em_459_0.bmp,519_em_459.bmp,22054,22054,151,138,151,138,L,L,b1118ae2c35a4d9ca36c0a32066661a1b1a9bc63990f2e7455b092d618f91a79,b1118ae2c35a4d9ca36c0a32066661a1b1a9bc63990f2e7455b092d618f91a79,True,True,True,0.0,0,True,True
519_em_460,519_em_460_0.bmp,519_em_460.bmp,54122,54122,593,89,593,89,L,L,8385b4e5b78522917c36a85a6721209851317cea10d05ec948a51456d44daee1,8385b4e5b78522917c36a85a6721209851317cea10d05ec948a51456d44daee1,True,True,True,0.0,0,True,True
519_em_461,519_em_461_0.bmp,519_em_461.bmp,61750,61750,381,158,381,158,L,L,3ce641a585c973119646db7760bd328f4a836c75630f8e877d914c1f6b003ec6,3ce641a585c973119646db7760bd328f4a836c75630f8e877d914c1f6b003ec6,True,True,True,0.0,0,True,True
519_em_462,519_em_462_0.bmp,519_em_462.bmp,19318,19318,117,152,117,152,L,L,620fab0c14085a3696e110cefa0e034f73766dc41adc5e99c715752de0f7dafa,620fab0c14085a3696e110cefa0e034f73766dc41adc5e99c715752de0f7dafa,True,True,True,0.0,0,True,True
519_em_463,519_em_463_0.bmp,519_em_463.bmp,8070,8070,73,92,73,92,L,L,070e4cd63bc71257876d4902cdfa24dcd85b6909e4670d4165ecf556a4925a14,070e4cd63bc71257876d4902cdfa24dcd85b6909e4670d4165ecf556a4925a14,True,True,True,0.0,0,True,True
520_em_464,520_em_464_0.bmp,520_em_464.bmp,41926,41926,443,92,443,92,L,L,80e30d3c9aa6d0d0bd44b0f1bc114c6d7e88f2907270802b4ea7d6cbe6005c53,80e30d3c9aa6d0d0bd44b0f1bc114c6d7e88f2907270802b4ea7d6cbe6005c53,True,True,True,0.0,0,True,True
520_em_465,520_em_465_0.bmp,520_em_465.bmp,29878,29878,238,120,238,120,L,L,ef31cbc58c2a47ae7823306af09ea7b96b0cec49128b33190131ad5fe17a24ae,ef31cbc58c2a47ae7823306af09ea7b96b0cec49128b33190131ad5fe17a24ae,True,True,True,0.0,0,True,True
520_em_466,520_em_466_0.bmp,520_em_466.bmp,35134,35134,341,99,341,99,L,L,58f518ea29760b6581775787c17dc853826a973546cb2695551e856d76adf964,58f518ea29760b6581775787c17dc853826a973546cb2695551e856d76adf964,True,True,True,0.0,0,True,True
520_em_467,520_em_467_0.bmp,520_em_467.bmp,32618,32618,332,95,332,95,L,L,66922afb730bc6067a47cbaa171b203368cec97d3c38471b8e03fb22a93d3c1c,66922afb730bc6067a47cbaa171b203368cec97d3c38471b8e03fb22a93d3c1c,True,True,True,0.0,0,True,True
RIT_2014_1,RIT_2014_1_0.bmp,RIT_2014_1.bmp,7078,7078,99,60,99,60,L,L,b846c712e74f49b69ff5af82f6174835dc43576a70a6bf2fda3cde55de8cf176,b846c712e74f49b69ff5af82f6174835dc43576a70a6bf2fda3cde55de8cf176,True,True,True,0.0,0,True,True
RIT_2014_10,RIT_2014_10_0.bmp,RIT_2014_10.bmp,22918,22918,311,70,311,70,L,L,2116314b25fce0dd4390a911e9cc11e869e82d35988b805495a18e589158f6fe,2116314b25fce0dd4390a911e9cc11e869e82d35988b805495a18e589158f6fe,True,True,True,0.0,0,True,True
RIT_2014_100,RIT_2014_100_0.bmp,RIT_2014_100.bmp,11878,11878,142,75,142,75,L,L,15b688fc2e5934266d9de22ea00d54cf49fb827c65447177ec268a5f06797def,15b688fc2e5934266d9de22ea00d54cf49fb827c65447177ec268a5f06797def,True,True,True,0.0,0,True,True
RIT_2014_101,RIT_2014_101_0.bmp,RIT_2014_101.bmp,19690,19690,186,99,186,99,L,L,63f59953619df0e2fc89046efaa07abbced145ec96cf658fd3909c5093219e65,63f59953619df0e2fc89046efaa07abbced145ec96cf658fd3909c5093219e65,True,True,True,0.0,0,True,True
RIT_2014_102,RIT_2014_102_0.bmp,RIT_2014_102.bmp,15862,15862,190,77,190,77,L,L,940b8c9684062b21cab8c2e277e5c6cb1e8270a3e40bb9e3f32a99175d4f5628,940b8c9684062b21cab8c2e277e5c6cb1e8270a3e40bb9e3f32a99175d4f5628,True,True,True,0.0,0,True,True
RIT_2014_103,RIT_2014_103_0.bmp,RIT_2014_103.bmp,52822,52822,334,154,334,154,L,L,f65a401a683223da02cd38b4a7648ad0c9d75336746f0b1564b84bc279b12efb,f65a401a683223da02cd38b4a7648ad0c9d75336746f0b1564b84bc279b12efb,True,True,True,0.0,0,True,True
RIT_2014_104,RIT_2014_104_0.bmp,RIT_2014_104.bmp,22094,22094,283,74,283,74,L,L,7fa46edf47c614eff277101ab870b5262229fce2fa46642dc90a37ca395cf3f8,7fa46edf47c614eff277101ab870b5262229fce2fa46642dc90a37ca395cf3f8,True,True,True,0.0,0,True,True
RIT_2014_105,RIT_2014_105_0.bmp,RIT_2014_105.bmp,32758,32758,320,99,320,99,L,L,61db399aecdd1d52b746f7628ebe1a313263cfd8a8433033ff08290433feb793,61db399aecdd1d52b746f7628ebe1a313263cfd8a8433033ff08290433feb793,True,True,True,0.0,0,True,True
RIT_2014_106,RIT_2014_106_0.bmp,RIT_2014_106.bmp,14398,14398,179,74,179,74,L,L,203f84bd96dd680ae6be0318c26f3d7f08e1ba7549e41718349dfea14baee44c,203f84bd96dd680ae6be0318c26f3d7f08e1ba7549e41718349dfea14baee44c,True,True,True,0.0,0,True,True
RIT_2014_107,RIT_2014_107_0.bmp,RIT_2014_107.bmp,52214,52214,269,188,269,188,L,L,5169ec7c3bece636b41a211610ae41c8be5dfab8135f177b6648c64428be3866,5169ec7c3bece636b41a211610ae41c8be5dfab8135f177b6648c64428be3866,True,True,True,0.0,0,True,True
RIT_2014_108,RIT_2014_108_0.bmp,RIT_2014_108.bmp,46942,46942,249,182,249,182,L,L,ec7d83ec96ba8747fbed486a018a3606b143847c5051f70d3a84f33fce00d2a0,ec7d83ec96ba8747fbed486a018a3606b143847c5051f70d3a84f33fce00d2a0,True,True,True,0.0,0,True,True
RIT_2014_109,RIT_2014_109_0.bmp,RIT_2014_109.bmp,62086,62086,370,164,370,164,L,L,ae38f4ea7fb6a44f780bbb85067caa26c9b33b5dc15ab1007250b023654eb57b,ae38f4ea7fb6a44f780bbb85067caa26c9b33b5dc15ab1007250b023654eb57b,True,True,True,0.0,0,True,True
RIT_2014_11,RIT_2014_11_0.bmp,RIT_2014_11.bmp,13362,13362,148,83,148,83,L,L,883ad31c686d7d3eb331bad04de0a64891dbd1b001081c93948ab44d30a4d22f,883ad31c686d7d3eb331bad04de0a64891dbd1b001081c93948ab44d30a4d22f,True,True,True,0.0,0,True,True
RIT_2014_110,RIT_2014_110_0.bmp,RIT_2014_110.bmp,8638,8638,83,90,83,90,L,L,53ce3de83e7640fe9f749ead7ccc9ca4e5a81c372e99d29711d1a4fcdad3b0e1,53ce3de83e7640fe9f749ead7ccc9ca4e5a81c372e99d29711d1a4fcdad3b0e1,True,True,True,0.0,0,True,True
RIT_2014_111,RIT_2014_111_0.bmp,RIT_2014_111.bmp,57250,57250,370,151,370,151,L,L,8a87b7e4690a42ac0db6954868e57fb5d299a33168040a9d9a8f450c6797f998,8a87b7e4690a42ac0db6954868e57fb5d299a33168040a9d9a8f450c6797f998,True,True,True,0.0,0,True,True
RIT_2014_112,RIT_2014_112_0.bmp,RIT_2014_112.bmp,6622,6622,69,77,69,77,L,L,b5b6353dfda03ad881e4d5af48cbdd88684e755185f1f06c7d833dd67676b0ac,b5b6353dfda03ad881e4d5af48cbdd88684e755185f1f06c7d833dd67676b0ac,True,True,True,0.0,0,True,True
RIT_2014_113,RIT_2014_113_0.bmp,RIT_2014_113.bmp,30178,30178,300,97,300,97,L,L,7e6a78177d0d8807aaac80ce25b62d239bbebec90b0158dae30a1b88b32146cf,7e6a78177d0d8807aaac80ce25b62d239bbebec90b0158dae30a1b88b32146cf,True,True,True,0.0,0,True,True
RIT_2014_114,RIT_2014_114_0.bmp,RIT_2014_114.bmp,7414,7414,96,66,96,66,L,L,8193c94942d4f8395f5d1278cf59c7871bf7acc27b2ef4c8837a41f6716b1fe1,8193c94942d4f8395f5d1278cf59c7871bf7acc27b2ef4c8837a41f6716b1fe1,True,True,True,0.0,0,True,True
RIT_2014_115,RIT_2014_115_0.bmp,RIT_2014_115.bmp,9918,9918,103,85,103,85,L,L,9aa553b24276f2cef6ccd0e16e4e9e319fad7a32392b6aed7a4da0dcebcc0385,9aa553b24276f2cef6ccd0e16e4e9e319fad7a32392b6aed7a4da0dcebcc0385,True,True,True,0.0,0,True,True
RIT_2014_116,RIT_2014_116_0.bmp,RIT_2014_116.bmp,80658,80658,460,173,460,173,L,L,34d2ac8e71b9b199120a118bd98e9ba0506e888173d6c5205a54e6860601c13b,34d2ac8e71b9b199120a118bd98e9ba0506e888173d6c5205a54e6860601c13b,True,True,True,0.0,0,True,True
RIT_2014_117,RIT_2014_117_0.bmp,RIT_2014_117.bmp,30774,30774,230,128,230,128,L,L,b42103b8438259d267a62c7e56ec29330c0c9a87ae6cd30fb195f2e833ad1d22,b42103b8438259d267a62c7e56ec29330c0c9a87ae6cd30fb195f2e833ad1d22,True,True,True,0.0,0,True,True
RIT_2014_118,RIT_2014_118_0.bmp,RIT_2014_118.bmp,8878,8878,120,65,120,65,L,L,3080c4dbbdcd6665198bf0169521df9cdd43fc86dbc920d0171d0b4e878f6ed3,3080c4dbbdcd6665198bf0169521df9cdd43fc86dbc920d0171d0b4e878f6ed3,True,True,True,0.0,0,True,True
RIT_2014_119,RIT_2014_119_0.bmp,RIT_2014_119.bmp,20430,20430,233,82,233,82,L,L,810d87a8feb833c966cbb9f3ed3fa48b368e2a78d899d8f0e59184907dd74b81,810d87a8feb833c966cbb9f3ed3fa48b368e2a78d899d8f0e59184907dd74b81,True,True,True,0.0,0,True,True
RIT_2014_12,RIT_2014_12_0.bmp,RIT_2014_12.bmp,63574,63574,504,124,504,124,L,L,840e9dd95e2a751ceece9bb7da7cbf774f5bcb90160775311a58a002f3d57954,840e9dd95e2a751ceece9bb7da7cbf774f5bcb90160775311a58a002f3d57954,True,True,True,0.0,0,True,True
RIT_2014_120,RIT_2014_120_0.bmp,RIT_2014_120.bmp,6974,6974,86,67,86,67,L,L,e044f7fbc4bffc99eafccba994a78c51e2d3d2711315bdd37ec94a3b6a39c999,e044f7fbc4bffc99eafccba994a78c51e2d3d2711315bdd37ec94a3b6a39c999,True,True,True,0.0,0,True,True
RIT_2014_121,RIT_2014_121_0.bmp,RIT_2014_121.bmp,13046,13046,174,68,174,68,L,L,bb1297d0cae0ad802e2e2b593ea7add6e04adecbda7ee0bfe78ed4543e3e8c2e,bb1297d0cae0ad802e2e2b593ea7add6e04adecbda7ee0bfe78ed4543e3e8c2e,True,True,True,0.0,0,True,True
RIT_2014_122,RIT_2014_122_0.bmp,RIT_2014_122.bmp,6974,6974,87,67,87,67,L,L,48be9ef0cce09e47cf15b017765ac14aca1bc7155b33dd3488610c9640ee9dd6,48be9ef0cce09e47cf15b017765ac14aca1bc7155b33dd3488610c9640ee9dd6,True,True,True,0.0,0,True,True
RIT_2014_123,RIT_2014_123_0.bmp,RIT_2014_123.bmp,39670,39670,288,134,288,134,L,L,1c3fe988b13169c372755ecf486e339ba71363e8f92625a45b5c887c87d3ac01,1c3fe988b13169c372755ecf486e339ba71363e8f92625a45b5c887c87d3ac01,True,True,True,0.0,0,True,True
RIT_2014_124,RIT_2014_124_0.bmp,RIT_2014_124.bmp,14802,14802,188,73,188,73,L,L,a2177e650d637a1476a9876ddbef348ee6f644e7a8b3ae26bb42df2768cf5cd9,a2177e650d637a1476a9876ddbef348ee6f644e7a8b3ae26bb42df2768cf5cd9,True,True,True,0.0,0,True,True
RIT_2014_125,RIT_2014_125_0.bmp,RIT_2014_125.bmp,12958,12958,179,66,179,66,L,L,38b416606fd640e694ef80a4ada1626b93f9d51b24670d894b881ac698237c17,38b416606fd640e694ef80a4ada1626b93f9d51b24670d894b881ac698237c17,True,True,True,0.0,0,True,True
RIT_2014_126,RIT_2014_126_0.bmp,RIT_2014_126.bmp,26362,26362,195,129,195,129,L,L,ee53cdf89952b778d897157b796a07a69d4071be064c3584ebb22631a4505bb1,ee53cdf89952b778d897157b796a07a69d4071be064c3584ebb22631a4505bb1,True,True,True,0.0,0,True,True
RIT_2014_127,RIT_2014_127_0.bmp,RIT_2014_127.bmp,13926,13926,174,73,174,73,L,L,9f5381f4425b659a476a5acf9d406ba712fe6f02825e98d090cd673cd4954718,9f5381f4425b659a476a5acf9d406ba712fe6f02825e98d090cd673cd4954718,True,True,True,0.0,0,True,True
RIT_2014_128,RIT_2014_128_0.bmp,RIT_2014_128.bmp,28134,28134,301,89,301,89,L,L,4ab5416f281e9dd1b9a806266c8b1313e882d06c8efa179e9974490673e45539,4ab5416f281e9dd1b9a806266c8b1313e882d06c8efa179e9974490673e45539,True,True,True,0.0,0,True,True
RIT_2014_129,RIT_2014_129_0.bmp,RIT_2014_129.bmp,14902,14902,142,96,142,96,L,L,696c66dc2bab8104821210cf550a4b20f576508638caaa9de13b977328fb08d8,696c66dc2bab8104821210cf550a4b20f576508638caaa9de13b977328fb08d8,True,True,True,0.0,0,True,True
RIT_2014_13,RIT_2014_13_0.bmp,RIT_2014_13.bmp,5758,5758,71,65,71,65,L,L,11e80df5c6746ff00e9b655f44cf49ca2c1879966d7aacb05ffde5fa6e053748,11e80df5c6746ff00e9b655f44cf49ca2c1879966d7aacb05ffde5fa6e053748,True,True,True,0.0,0,True,True
RIT_2014_130,RIT_2014_130_0.bmp,RIT_2014_130.bmp,6322,6322,91,57,91,57,L,L,6338475a53d8c62351c05944447cd4300f43fdd68f50382bbd972639df6ffba5,6338475a53d8c62351c05944447cd4300f43fdd68f50382bbd972639df6ffba5,True,True,True,0.0,0,True,True
RIT_2014_131,RIT_2014_131_0.bmp,RIT_2014_131.bmp,8154,8154,115,61,115,61,L,L,55fe75a22078cb1d96d73fa6ff96f4608f0c5ea0bcd14b1cc3710b9d87ad3301,55fe75a22078cb1d96d73fa6ff96f4608f0c5ea0bcd14b1cc3710b9d87ad3301,True,True,True,0.0,0,True,True
RIT_2014_132,RIT_2014_132_0.bmp,RIT_2014_132.bmp,9190,9190,101,78,101,78,L,L,330663b7ca5efa89905cdd80fd53a82806958e0d399992e3c3478712fdaba38c,330663b7ca5efa89905cdd80fd53a82806958e0d399992e3c3478712fdaba38c,True,True,True,0.0,0,True,True
RIT_2014_133,RIT_2014_133_0.bmp,RIT_2014_133.bmp,21238,21238,279,72,279,72,L,L,06799aa2da1e7f27f9b453c5cdea5e78f0199895f2b269362750c932c5c430d2,06799aa2da1e7f27f9b453c5cdea5e78f0199895f2b269362750c932c5c430d2,True,True,True,0.0,0,True,True
RIT_2014_134,RIT_2014_134_0.bmp,RIT_2014_134.bmp,30094,30094,372,78,372,78,L,L,58644b94b69118cac6eb7b0e58962d30a7d2bd47167d2dbc1230fd44d102251c,58644b94b69118cac6eb7b0e58962d30a7d2bd47167d2dbc1230fd44d102251c,True,True,True,0.0,0,True,True
RIT_2014_135,RIT_2014_135_0.bmp,RIT_2014_135.bmp,22906,22906,202,107,202,107,L,L,8fe8d2fe3b7eb276cdca976204a08cfb501188957a3f6a5c0944b69d22b408f3,8fe8d2fe3b7eb276cdca976204a08cfb501188957a3f6a5c0944b69d22b408f3,True,True,True,0.0,0,True,True
RIT_2014_136,RIT_2014_136_0.bmp,RIT_2014_136.bmp,41038,41038,358,111,358,111,L,L,e13bcf88cda0337ce6552d6b1b44d42cdabab6f61d1735f7b0fa4ca4c09affca,e13bcf88cda0337ce6552d6b1b44d42cdabab6f61d1735f7b0fa4ca4c09affca,True,True,True,0.0,0,True,True
RIT_2014_137,RIT_2014_137_0.bmp,RIT_2014_137.bmp,34034,34034,307,107,307,107,L,L,bb31e53b328c93e05cd9e4d9e4514e5abe1358fadd42c20b94148149d34ed5f0,bb31e53b328c93e05cd9e4d9e4514e5abe1358fadd42c20b94148149d34ed5f0,True,True,True,0.0,0,True,True
RIT_2014_138,RIT_2014_138_0.bmp,RIT_2014_138.bmp,61286,61286,283,212,283,212,L,L,94440a917e1397917f283cc21c704e1a3f97696e40b9e7c78b3737735c774353,94440a917e1397917f283cc21c704e1a3f97696e40b9e7c78b3737735c774353,True,True,True,0.0,0,True,True
RIT_2014_139,RIT_2014_139_0.bmp,RIT_2014_139.bmp,5622,5622,64,71,64,71,L,L,2cc7095e931c5e7f91d937d46061e0cb59088d922c7fa149798443e99f2b619b,2cc7095e931c5e7f91d937d46061e0cb59088d922c7fa149798443e99f2b619b,True,True,True,0.0,0,True,True
RIT_2014_14,RIT_2014_14_0.bmp,RIT_2014_14.bmp,20734,20734,214,91,214,91,L,L,827b550b448c19e28ce365b971be5a50eae83bc581809f6879a4bf65564c355f,827b550b448c19e28ce365b971be5a50eae83bc581809f6879a4bf65564c355f,True,True,True,0.0,0,True,True
RIT_2014_140,RIT_2014_140_0.bmp,RIT_2014_140.bmp,10502,10502,121,76,121,76,L,L,68e39f7e46d0768d91e300742ff5a12baf21cf84acea728b1b71455646d7425b,68e39f7e46d0768d91e300742ff5a12baf21cf84acea728b1b71455646d7425b,True,True,True,0.0,0,True,True
RIT_2014_141,RIT_2014_141_0.bmp,RIT_2014_141.bmp,40270,40270,273,142,273,142,L,L,abb1bfee08d2ad45607b0d78596da3c745f1e52705ce9bd0c2ea4eb00436d669,abb1bfee08d2ad45607b0d78596da3c745f1e52705ce9bd0c2ea4eb00436d669,True,True,True,0.0,0,True,True
RIT_2014_142,RIT_2014_142_0.bmp,RIT_2014_142.bmp,22138,22138,154,135,154,135,L,L,8b6dc7a97997150b955fac63216da3d7070c1072c7754676d3c6a9b3eb14ffb2,8b6dc7a97997150b955fac63216da3d7070c1072c7754676d3c6a9b3eb14ffb2,True,True,True,0.0,0,True,True
RIT_2014_143,RIT_2014_143_0.bmp,RIT_2014_143.bmp,11998,11998,154,70,154,70,L,L,9739eb548849af21abdbfe8423e9679e1c43ff6563a5dfa5057c6813d08cdfb7,9739eb548849af21abdbfe8423e9679e1c43ff6563a5dfa5057c6813d08cdfb7,True,True,True,0.0,0,True,True
RIT_2014_144,RIT_2014_144_0.bmp,RIT_2014_144.bmp,37746,37746,353,103,353,103,L,L,be6f7ad9666ea7b5f68e0246080b0e952915d84874ddd723bb4a6638f533222a,be6f7ad9666ea7b5f68e0246080b0e952915d84874ddd723bb4a6638f533222a,True,True,True,0.0,0,True,True
RIT_2014_145,RIT_2014_145_0.bmp,RIT_2014_145.bmp,42210,42210,362,113,362,113,L,L,f8ee5e6607071a9e3f40c7e15d25304105517f137a2f6016c3a86d6bd4e70ee3,f8ee5e6607071a9e3f40c7e15d25304105517f137a2f6016c3a86d6bd4e70ee3,True,True,True,0.0,0,True,True
RIT_2014_146,RIT_2014_146_0.bmp,RIT_2014_146.bmp,36418,36418,377,93,377,93,L,L,0c1ce2deff38668df69b94485fec991c6206d2610415694b2841642dd7ca2d4c,0c1ce2deff38668df69b94485fec991c6206d2610415694b2841642dd7ca2d4c,True,True,True,0.0,0,True,True
RIT_2014_147,RIT_2014_147_0.bmp,RIT_2014_147.bmp,17798,17798,218,76,218,76,L,L,af93a20ea6dab322f4f3cc27446b36e420fae4399438de05640d09559c231acc,af93a20ea6dab322f4f3cc27446b36e420fae4399438de05640d09559c231acc,True,True,True,0.0,0,True,True
RIT_2014_148,RIT_2014_148_0.bmp,RIT_2014_148.bmp,29138,29138,243,115,243,115,L,L,2049f498cafab2622b6704ae3186efd81412393b471e9c4701c4c55a883e2448,2049f498cafab2622b6704ae3186efd81412393b471e9c4701c4c55a883e2448,True,True,True,0.0,0,True,True
RIT_2014_149,RIT_2014_149_0.bmp,RIT_2014_149.bmp,20266,20266,162,117,162,117,L,L,c2bf417af1116715644a8e510a44248686ad2df526fe10b859b7ea24f68db7b3,c2bf417af1116715644a8e510a44248686ad2df526fe10b859b7ea24f68db7b3,True,True,True,0.0,0,True,True
RIT_2014_15,RIT_2014_15_0.bmp,RIT_2014_15.bmp,26006,26006,162,152,162,152,L,L,aa4a66cc67b23db6c2fd1bbc4f8c3118c9d91a3fa52dea8ca2956bd7e0d041ca,aa4a66cc67b23db6c2fd1bbc4f8c3118c9d91a3fa52dea8ca2956bd7e0d041ca,True,True,True,0.0,0,True,True
RIT_2014_150,RIT_2014_150_0.bmp,RIT_2014_150.bmp,70774,70774,393,176,393,176,L,L,dffd57ed6380858bef4c57c5997d3716778eb4d5c7066e7c45846f81ea300453,dffd57ed6380858bef4c57c5997d3716778eb4d5c7066e7c45846f81ea300453,True,True,True,0.0,0,True,True
RIT_2014_151,RIT_2014_151_0.bmp,RIT_2014_151.bmp,7222,7222,94,64,94,64,L,L,5dae8532c79cbfe5c392c383484bdfe5887fed3ada05d5c7dd4584e4250d6795,5dae8532c79cbfe5c392c383484bdfe5887fed3ada05d5c7dd4584e4250d6795,True,True,True,0.0,0,True,True
RIT_2014_152,RIT_2014_152_0.bmp,RIT_2014_152.bmp,13318,13318,134,90,134,90,L,L,fd028e839ac6e469799caf5e47bb58629cc37a95ac173914b4f0a901963fa76f,fd028e839ac6e469799caf5e47bb58629cc37a95ac173914b4f0a901963fa76f,True,True,True,0.0,0,True,True
RIT_2014_153,RIT_2014_153_0.bmp,RIT_2014_153.bmp,16702,16702,165,93,165,93,L,L,efc4b805717ddcbc77a0f31ab1a4101b3f41dea8a3ac5503f7ea27b040851120,efc4b805717ddcbc77a0f31ab1a4101b3f41dea8a3ac5503f7ea27b040851120,True,True,True,0.0,0,True,True
RIT_2014_154,RIT_2014_154_0.bmp,RIT_2014_154.bmp,7542,7542,63,101,63,101,L,L,8c7dcc07d0c7e7fe973793227c06ad3231607babe14b202e06964e97106f8d91,8c7dcc07d0c7e7fe973793227c06ad3231607babe14b202e06964e97106f8d91,True,True,True,0.0,0,True,True
RIT_2014_155,RIT_2014_155_0.bmp,RIT_2014_155.bmp,7126,7126,96,63,96,63,L,L,d1221847e47af2d3577469c2aa52f5460bf226cbb39955b84a66c0c6740a3126,d1221847e47af2d3577469c2aa52f5460bf226cbb39955b84a66c0c6740a3126,True,True,True,0.0,0,True,True
RIT_2014_156,RIT_2014_156_0.bmp,RIT_2014_156.bmp,7610,7610,89,71,89,71,L,L,e58e54cca69d755337a8db49af6207f1eb24d8c047a4597353f856bfa8b401c3,e58e54cca69d755337a8db49af6207f1eb24d8c047a4597353f856bfa8b401c3,True,True,True,0.0,0,True,True
RIT_2014_157,RIT_2014_157_0.bmp,RIT_2014_157.bmp,34446,34446,342,97,342,97,L,L,a786ce7ac2e9a0e6f2c4577bfdc6ed107ad7eb84e83daab76e41297281ea11a2,a786ce7ac2e9a0e6f2c4577bfdc6ed107ad7eb84e83daab76e41297281ea11a2,True,True,True,0.0,0,True,True
RIT_2014_158,RIT_2014_158_0.bmp,RIT_2014_158.bmp,23618,23618,139,161,139,161,L,L,da3039369b652809b5b2bef95f6ddaf6464e563513c55b7480716228c44d236b,da3039369b652809b5b2bef95f6ddaf6464e563513c55b7480716228c44d236b,True,True,True,0.0,0,True,True
RIT_2014_159,RIT_2014_159_0.bmp,RIT_2014_159.bmp,31078,31078,240,125,240,125,L,L,ec0b76e0875e7741c48f31bee42d32eb546179c12bf8547cbaf879aaef318712,ec0b76e0875e7741c48f31bee42d32eb546179c12bf8547cbaf879aaef318712,True,True,True,0.0,0,True,True
RIT_2014_16,RIT_2014_16_0.bmp,RIT_2014_16.bmp,11734,11734,146,72,146,72,L,L,69f2ff40f3d9bf7aa0865ad40a135c5d66a1d1da3e19cc237f597f60c79c4f41,69f2ff40f3d9bf7aa0865ad40a135c5d66a1d1da3e19cc237f597f60c79c4f41,True,True,True,0.0,0,True,True
RIT_2014_160,RIT_2014_160_0.bmp,RIT_2014_160.bmp,17654,17654,223,74,223,74,L,L,b3787519a5e41f9843284352ab899b3a9cebe3c458296bf0964d3d48952ebbc3,b3787519a5e41f9843284352ab899b3a9cebe3c458296bf0964d3d48952ebbc3,True,True,True,0.0,0,True,True
RIT_2014_161,RIT_2014_161_0.bmp,RIT_2014_161.bmp,40678,40678,396,100,396,100,L,L,9fa0fbce4a6e601c01a04366d82d21c547d2a8f7a771fe24431dde270fe1f073,9fa0fbce4a6e601c01a04366d82d21c547d2a8f7a771fe24431dde270fe1f073,True,True,True,0.0,0,True,True
RIT_2014_162,RIT_2014_162_0.bmp,RIT_2014_162.bmp,80066,80066,362,217,362,217,L,L,ddd520193e3f018916534011262b175f1ca4cfa1ab2bd220e35a79be3333cd37,ddd520193e3f018916534011262b175f1ca4cfa1ab2bd220e35a79be3333cd37,True,True,True,0.0,0,True,True
RIT_2014_163,RIT_2014_163_0.bmp,RIT_2014_163.bmp,46518,46518,284,160,284,160,L,L,af943aa7946b5f2e9840e8bac30340130114a8396a0ea23f49992c3bed775307,af943aa7946b5f2e9840e8bac30340130114a8396a0ea23f49992c3bed775307,True,True,True,0.0,0,True,True
RIT_2014_164,RIT_2014_164_0.bmp,RIT_2014_164.bmp,37550,37550,373,97,373,97,L,L,ca9a1e14b8b01183af0d4024f7141600e39c7a1d49d748f4a82fec77e32cffcc,ca9a1e14b8b01183af0d4024f7141600e39c7a1d49d748f4a82fec77e32cffcc,True,True,True,0.0,0,True,True
RIT_2014_165,RIT_2014_165_0.bmp,RIT_2014_165.bmp,64438,64438,396,160,396,160,L,L,7a93a59d853e52ecea1a707c7e3ff764088ce9180dc6c1837d244e087c4b872e,7a93a59d853e52ecea1a707c7e3ff764088ce9180dc6c1837d244e087c4b872e,True,True,True,0.0,0,True,True
RIT_2014_166,RIT_2014_166_0.bmp,RIT_2014_166.bmp,61054,61054,407,147,407,147,L,L,f61643fd66cd500b5ea5e0f7db115184e2befcaec273a862d8dd39dd96d16230,f61643fd66cd500b5ea5e0f7db115184e2befcaec273a862d8dd39dd96d16230,True,True,True,0.0,0,True,True
RIT_2014_167,RIT_2014_167_0.bmp,RIT_2014_167.bmp,34738,34738,394,85,394,85,L,L,558721a5236bf0d383f211b793aa4edf9ca5641a942573c85358a3ca06527158,558721a5236bf0d383f211b793aa4edf9ca5641a942573c85358a3ca06527158,True,True,True,0.0,0,True,True
RIT_2014_168,RIT_2014_168_0.bmp,RIT_2014_168.bmp,214798,214798,1095,195,1095,195,L,L,0f02f87e7d16febf8c6d4668d3f233e07e31e41697fb10e780a8c90fa9ebf01e,0f02f87e7d16febf8c6d4668d3f233e07e31e41697fb10e780a8c90fa9ebf01e,True,True,True,0.0,0,True,True
RIT_2014_169,RIT_2014_169_0.bmp,RIT_2014_169.bmp,11054,11054,114,86,114,86,L,L,3f4c4e7abde983fccce0824033352af077c4463d21e8c2a341115eb1f2597744,3f4c4e7abde983fccce0824033352af077c4463d21e8c2a341115eb1f2597744,True,True,True,0.0,0,True,True
RIT_2014_17,RIT_2014_17_0.bmp,RIT_2014_17.bmp,15046,15046,144,97,144,97,L,L,cb5102050a952c797c717a551014a8a700478910a58d0afbf20e1d89838e9edf,cb5102050a952c797c717a551014a8a700478910a58d0afbf20e1d89838e9edf,True,True,True,0.0,0,True,True
RIT_2014_170,RIT_2014_170_0.bmp,RIT_2014_170.bmp,77714,77714,644,119,644,119,L,L,454047bd20e8064e8f5ea05a7c21805e181b976cd41a391b4b1f3fa7aeb8628e,454047bd20e8064e8f5ea05a7c21805e181b976cd41a391b4b1f3fa7aeb8628e,True,True,True,0.0,0,True,True
RIT_2014_171,RIT_2014_171_0.bmp,RIT_2014_171.bmp,37114,37114,306,117,306,117,L,L,5c170b9d8f9fb59290600fba359b86897469af2b0933af2f2659315694b204c8,5c170b9d8f9fb59290600fba359b86897469af2b0933af2f2659315694b204c8,True,True,True,0.0,0,True,True
RIT_2014_172,RIT_2014_172_0.bmp,RIT_2014_172.bmp,74338,74338,443,165,443,165,L,L,c478c0ef9f032ec1a55ae0d4b79307af3004a63ee5137fd35425bafff84bb7a8,c478c0ef9f032ec1a55ae0d4b79307af3004a63ee5137fd35425bafff84bb7a8,True,True,True,0.0,0,True,True
RIT_2014_173,RIT_2014_173_0.bmp,RIT_2014_173.bmp,46374,46374,302,149,302,149,L,L,a1d101c48affaf5fd04d25fe9d1700fe6aa19f5a8e8ccc67565b9f121f296b80,a1d101c48affaf5fd04d25fe9d1700fe6aa19f5a8e8ccc67565b9f121f296b80,True,True,True,0.0,0,True,True
RIT_2014_174,RIT_2014_174_0.bmp,RIT_2014_174.bmp,54898,54898,466,115,466,115,L,L,1b7da644830e58c1f1de2122fad6db7aa59aea4b926d7600dfc41b9c0329c870,1b7da644830e58c1f1de2122fad6db7aa59aea4b926d7600dfc41b9c0329c870,True,True,True,0.0,0,True,True
RIT_2014_175,RIT_2014_175_0.bmp,RIT_2014_175.bmp,45590,45590,428,104,428,104,L,L,3cc655d2381bcf3c412341d91700641392dc6e042156cdf460c6aa73a1a3a936,3cc655d2381bcf3c412341d91700641392dc6e042156cdf460c6aa73a1a3a936,True,True,True,0.0,0,True,True
RIT_2014_176,RIT_2014_176_0.bmp,RIT_2014_176.bmp,5718,5718,77,58,77,58,L,L,4b6e9d003d93642610fd6cbba063b5b5551b83aa7e2c18e22fb50106f7c1e698,4b6e9d003d93642610fd6cbba063b5b5551b83aa7e2c18e22fb50106f7c1e698,True,True,True,0.0,0,True,True
RIT_2014_177,RIT_2014_177_0.bmp,RIT_2014_177.bmp,46086,46086,461,97,461,97,L,L,5722c29b79080ea33d6e21cb357ae31bc8d8592c0b080de2c62828119b01f4f2,5722c29b79080ea33d6e21cb357ae31bc8d8592c0b080de2c62828119b01f4f2,True,True,True,0.0,0,True,True
RIT_2014_178,RIT_2014_178_0.bmp,RIT_2014_178.bmp,43926,43926,413,103,413,103,L,L,053a3bb6d888a8bc932e2e81fd8dd8165b6dc89623d1f5b3288da53235b28255,053a3bb6d888a8bc932e2e81fd8dd8165b6dc89623d1f5b3288da53235b28255,True,True,True,0.0,0,True,True
RIT_2014_179,RIT_2014_179_0.bmp,RIT_2014_179.bmp,51262,51262,407,123,407,123,L,L,cf5ec67ae0974ec82b4b8ec9f77fc7125546e250ec1efe257fe589ca8ca69686,cf5ec67ae0974ec82b4b8ec9f77fc7125546e250ec1efe257fe589ca8ca69686,True,True,True,0.0,0,True,True
RIT_2014_18,RIT_2014_18_0.bmp,RIT_2014_18.bmp,21462,21462,223,91,223,91,L,L,2d98a21f0c1b658d537ec2077b86380b929ff0ee510eaf2e6475509d152143c3,2d98a21f0c1b658d537ec2077b86380b929ff0ee510eaf2e6475509d152143c3,True,True,True,0.0,0,True,True
RIT_2014_180,RIT_2014_180_0.bmp,RIT_2014_180.bmp,48578,48578,499,95,499,95,L,L,7d04696f31a63fccca7abf44d45bbf42548700cd5cca6351b5347116695ac99c,7d04696f31a63fccca7abf44d45bbf42548700cd5cca6351b5347116695ac99c,True,True,True,0.0,0,True,True
RIT_2014_181,RIT_2014_181_0.bmp,RIT_2014_181.bmp,20090,20090,193,97,193,97,L,L,790797afb49e7417dccf9f9c5e77de1d7ad556f91e6418776e902a7aee5f4fb0,790797afb49e7417dccf9f9c5e77de1d7ad556f91e6418776e902a7aee5f4fb0,True,True,True,0.0,0,True,True
RIT_2014_182,RIT_2014_182_0.bmp,RIT_2014_182.bmp,32970,32970,265,119,265,119,L,L,08b9ba2190205b90e90d1a2509d1c68e5b6d4188b93a4b1b83d14c995cedeee7,08b9ba2190205b90e90d1a2509d1c68e5b6d4188b93a4b1b83d14c995cedeee7,True,True,True,0.0,0,True,True
RIT_2014_183,RIT_2014_183_0.bmp,RIT_2014_183.bmp,50930,50930,410,121,410,121,L,L,5dc38bb8dd485bc89e2ac536aad2648ede96683051ad5b18a43cedb597ca7088,5dc38bb8dd485bc89e2ac536aad2648ede96683051ad5b18a43cedb597ca7088,True,True,True,0.0,0,True,True
RIT_2014_184,RIT_2014_184_0.bmp,RIT_2014_184.bmp,33626,33626,314,103,314,103,L,L,82cfb4148595d0f3df06ed95da246fffb83d1b8d2c805788f152ed17bbcfe928,82cfb4148595d0f3df06ed95da246fffb83d1b8d2c805788f152ed17bbcfe928,True,True,True,0.0,0,True,True
RIT_2014_185,RIT_2014_185_0.bmp,RIT_2014_185.bmp,130678,130678,648,200,648,200,L,L,e00a9da72f737c79f4b39a65d8ef21aaae2ebd501c700ef36f954fc01cf62143,e00a9da72f737c79f4b39a65d8ef21aaae2ebd501c700ef36f954fc01cf62143,True,True,True,0.0,0,True,True
RIT_2014_186,RIT_2014_186_0.bmp,RIT_2014_186.bmp,57126,57126,496,113,496,113,L,L,afd77dfa966a0a622fb82404d8fce5f6c3f11698c39f4568e21472917cfd89f1,afd77dfa966a0a622fb82404d8fce5f6c3f11698c39f4568e21472917cfd89f1,True,True,True,0.0,0,True,True
RIT_2014_187,RIT_2014_187_0.bmp,RIT_2014_187.bmp,9286,9286,107,76,107,76,L,L,3f040967f91ccebf753fefd0147659a56f0f330cad5db074bcf46efa8407617e,3f040967f91ccebf753fefd0147659a56f0f330cad5db074bcf46efa8407617e,True,True,True,0.0,0,True,True
RIT_2014_188,RIT_2014_188_0.bmp,RIT_2014_188.bmp,74918,74918,519,142,519,142,L,L,fc09126734c22886bee0cb288ab4e6e311846278901c18e7a1b91b26df2eb2e9,fc09126734c22886bee0cb288ab4e6e311846278901c18e7a1b91b26df2eb2e9,True,True,True,0.0,0,True,True
RIT_2014_189,RIT_2014_189_0.bmp,RIT_2014_189.bmp,45686,45686,327,136,327,136,L,L,8498ef18f5b0f585cb8d11a385318251467f1b5d8caed553f7798279b47525ab,8498ef18f5b0f585cb8d11a385318251467f1b5d8caed553f7798279b47525ab,True,True,True,0.0,0,True,True
RIT_2014_19,RIT_2014_19_0.bmp,RIT_2014_19.bmp,69154,69154,372,183,372,183,L,L,8034dd97be03f8455c86b4b0505ec50bc71b790a4ef8384c82e3e8b115e325b2,8034dd97be03f8455c86b4b0505ec50bc71b790a4ef8384c82e3e8b115e325b2,True,True,True,0.0,0,True,True
RIT_2014_190,RIT_2014_190_0.bmp,RIT_2014_190.bmp,108538,108538,540,199,540,199,L,L,a32ce318691d664fa1848168f65a1d56972e6bd9b9fc6d9a323ad7e0f562385a,a32ce318691d664fa1848168f65a1d56972e6bd9b9fc6d9a323ad7e0f562385a,True,True,True,0.0,0,True,True
RIT_2014_191,RIT_2014_191_0.bmp,RIT_2014_191.bmp,60718,60718,419,142,419,142,L,L,dd29a0a713fa362c74d373a62588e6b8e7ab311727a2bc6a0fd5d0b1e1cdb920,dd29a0a713fa362c74d373a62588e6b8e7ab311727a2bc6a0fd5d0b1e1cdb920,True,True,True,0.0,0,True,True
RIT_2014_192,RIT_2014_192_0.bmp,RIT_2014_192.bmp,27526,27526,150,174,150,174,L,L,ec63d20f1c4952c097a5fbd9e802d5bf56ff1f1bd5b28004b616301507a6c57c,ec63d20f1c4952c097a5fbd9e802d5bf56ff1f1bd5b28004b616301507a6c57c,True,True,True,0.0,0,True,True
RIT_2014_193,RIT_2014_193_0.bmp,RIT_2014_193.bmp,54742,54742,342,156,342,156,L,L,4488d61cda099e956396c113645b6403755bdadebe3707c68d29b5b976387584,4488d61cda099e956396c113645b6403755bdadebe3707c68d29b5b976387584,True,True,True,0.0,0,True,True
RIT_2014_194,RIT_2014_194_0.bmp,RIT_2014_194.bmp,58114,58114,586,97,586,97,L,L,bb7ecad8df2f8feb73a35511f4dd51ca4e71005810570e30c0ac22896d7b3120,bb7ecad8df2f8feb73a35511f4dd51ca4e71005810570e30c0ac22896d7b3120,True,True,True,0.0,0,True,True
RIT_2014_195,RIT_2014_195_0.bmp,RIT_2014_195.bmp,12278,12278,140,80,140,80,L,L,21169bc94473ee9268a2c8dc7ef440546b02b9a5546e3e20592a8dffb9062cce,21169bc94473ee9268a2c8dc7ef440546b02b9a5546e3e20592a8dffb9062cce,True,True,True,0.0,0,True,True
RIT_2014_196,RIT_2014_196_0.bmp,RIT_2014_196.bmp,19638,19638,229,80,229,80,L,L,0072a4d0c6f419399e93bf95c316162233f796d093201b95264c6a98ae3cc153,0072a4d0c6f419399e93bf95c316162233f796d093201b95264c6a98ae3cc153,True,True,True,0.0,0,True,True
RIT_2014_197,RIT_2014_197_0.bmp,RIT_2014_197.bmp,37218,37218,259,139,259,139,L,L,3600a386ebd9ffc9172c989faed319a8dafa6a8eceb05a736af746dbaf70dffe,3600a386ebd9ffc9172c989faed319a8dafa6a8eceb05a736af746dbaf70dffe,True,True,True,0.0,0,True,True
RIT_2014_198,RIT_2014_198_0.bmp,RIT_2014_198.bmp,12602,12602,172,67,172,67,L,L,0a406d66458d93276ec97fe1c2391f64e3ee453b0816a638694302821ebb4017,0a406d66458d93276ec97fe1c2391f64e3ee453b0816a638694302821ebb4017,True,True,True,0.0,0,True,True
RIT_2014_199,RIT_2014_199_0.bmp,RIT_2014_199.bmp,37798,37798,338,108,338,108,L,L,69676453e3bef296e66cd496eb38e4e5881ce2c309376fa0fbabdae05e457c3a,69676453e3bef296e66cd496eb38e4e5881ce2c309376fa0fbabdae05e457c3a,True,True,True,0.0,0,True,True
RIT_2014_2,RIT_2014_2_0.bmp,RIT_2014_2.bmp,26530,26530,252,101,252,101,L,L,9effc87ac0de2ab85e2a0df0e2810c20b5ba99be8ac15120f2c1e6a3330b12c9,9effc87ac0de2ab85e2a0df0e2810c20b5ba99be8ac15120f2c1e6a3330b12c9,True,True,True,0.0,0,True,True
RIT_2014_20,RIT_2014_20_0.bmp,RIT_2014_20.bmp,5174,5174,63,64,63,64,L,L,892cf5a227e9fd80fda80a8de25e901f8e526fc647a78b07d13f20e5dc1a7cc5,892cf5a227e9fd80fda80a8de25e901f8e526fc647a78b07d13f20e5dc1a7cc5,True,True,True,0.0,0,True,True
RIT_2014_200,RIT_2014_200_0.bmp,RIT_2014_200.bmp,32326,32326,246,126,246,126,L,L,b28031e6b94cd211f7ad965754ae8a90f24a4e021dc6306d4c1fd56f6078402c,b28031e6b94cd211f7ad965754ae8a90f24a4e021dc6306d4c1fd56f6078402c,True,True,True,0.0,0,True,True
RIT_2014_201,RIT_2014_201_0.bmp,RIT_2014_201.bmp,48182,48182,510,92,510,92,L,L,dd6bc3cd8168cecb58fc1cc6337d7cada5bb11802251a5d734e98ef5186845fd,dd6bc3cd8168cecb58fc1cc6337d7cada5bb11802251a5d734e98ef5186845fd,True,True,True,0.0,0,True,True
RIT_2014_202,RIT_2014_202_0.bmp,RIT_2014_202.bmp,74754,74754,651,113,651,113,L,L,b8237d0de1975e6fa0600663585c98ba456461f8b4b5b32e1f6f8e3f11db8990,b8237d0de1975e6fa0600663585c98ba456461f8b4b5b32e1f6f8e3f11db8990,True,True,True,0.0,0,True,True
RIT_2014_203,RIT_2014_203_0.bmp,RIT_2014_203.bmp,30218,30218,187,155,187,155,L,L,4b99e0c7c4b50845cf661487e9179aa9eea066d1d80d2f2393b680b08d5582cd,4b99e0c7c4b50845cf661487e9179aa9eea066d1d80d2f2393b680b08d5582cd,True,True,True,0.0,0,True,True
RIT_2014_204,RIT_2014_204_0.bmp,RIT_2014_204.bmp,33726,33726,421,77,421,77,L,L,f9cf35962f8fcc184b64cbe0b1ddb5c79a2d8f27e5281f9131b0ac96245f95a2,f9cf35962f8fcc184b64cbe0b1ddb5c79a2d8f27e5281f9131b0ac96245f95a2,True,True,True,0.0,0,True,True
RIT_2014_205,RIT_2014_205_0.bmp,RIT_2014_205.bmp,17654,17654,223,74,223,74,L,L,c2eac7ee06aa43715c72209b43a05c3c215d67e7021bac17089cb1bd4a158a61,c2eac7ee06aa43715c72209b43a05c3c215d67e7021bac17089cb1bd4a158a61,True,True,True,0.0,0,True,True
RIT_2014_206,RIT_2014_206_0.bmp,RIT_2014_206.bmp,72278,72278,710,100,710,100,L,L,3b30def49e26d86fa309367d79f88b06a1dbd590ead97a97cfe02bd51fcc223b,3b30def49e26d86fa309367d79f88b06a1dbd590ead97a97cfe02bd51fcc223b,True,True,True,0.0,0,True,True
RIT_2014_207,RIT_2014_207_0.bmp,RIT_2014_207.bmp,79798,79798,477,164,477,164,L,L,cf73a989319e3a17c0c23241caf1ece7f4f3099d4431e539e6b3e74374ac62a8,cf73a989319e3a17c0c23241caf1ece7f4f3099d4431e539e6b3e74374ac62a8,True,True,True,0.0,0,True,True
RIT_2014_208,RIT_2014_208_0.bmp,RIT_2014_208.bmp,49798,49798,277,174,277,174,L,L,a6c56c169a51d0571b615bfce4bfed5cd62cc425c037c36872c8247a7c289cd6,a6c56c169a51d0571b615bfce4bfed5cd62cc425c037c36872c8247a7c289cd6,True,True,True,0.0,0,True,True
RIT_2014_209,RIT_2014_209_0.bmp,RIT_2014_209.bmp,21678,21678,197,103,197,103,L,L,610d61cdc71bdb4f177e7ce0ed8514a18a923d73cd44ae70d83d26da1f8db6b2,610d61cdc71bdb4f177e7ce0ed8514a18a923d73cd44ae70d83d26da1f8db6b2,True,True,True,0.0,0,True,True
RIT_2014_21,RIT_2014_21_0.bmp,RIT_2014_21.bmp,25942,25942,147,168,147,168,L,L,fd536083a5d3c0415357042c6acbe95295aab474a78476a2b2f0b21a714d4a8e,fd536083a5d3c0415357042c6acbe95295aab474a78476a2b2f0b21a714d4a8e,True,True,True,0.0,0,True,True
RIT_2014_210,RIT_2014_210_0.bmp,RIT_2014_210.bmp,127518,127518,872,145,872,145,L,L,2c99c7f5e9655a154a481e3d37fc90a3d5df654465d3ae9eb266541cd41a1bc5,2c99c7f5e9655a154a481e3d37fc90a3d5df654465d3ae9eb266541cd41a1bc5,True,True,True,0.0,0,True,True
RIT_2014_211,RIT_2014_211_0.bmp,RIT_2014_211.bmp,48790,48790,333,142,333,142,L,L,b25bc4f214369d66882352c9143cadbd4b910d7bb896d3aa47fcb2512ec8a763,b25bc4f214369d66882352c9143cadbd4b910d7bb896d3aa47fcb2512ec8a763,True,True,True,0.0,0,True,True
RIT_2014_212,RIT_2014_212_0.bmp,RIT_2014_212.bmp,20086,20086,264,72,264,72,L,L,5b5aef4cc15a507180ad6b3abf8b571ea88d8c838aa836a66d7023469ab4473b,5b5aef4cc15a507180ad6b3abf8b571ea88d8c838aa836a66d7023469ab4473b,True,True,True,0.0,0,True,True
RIT_2014_213,RIT_2014_213_0.bmp,RIT_2014_213.bmp,97678,97678,597,161,597,161,L,L,ebd9f8f1f92b6c31eef5ea021456ff0aacd960e33298719c8b7989132eaad2d9,ebd9f8f1f92b6c31eef5ea021456ff0aacd960e33298719c8b7989132eaad2d9,True,True,True,0.0,0,True,True
RIT_2014_214,RIT_2014_214_0.bmp,RIT_2014_214.bmp,141670,141670,807,174,807,174,L,L,094050b19a9173e191f2bed58785914c66fbd6710b4a7fc30d34fe5dc42511d8,094050b19a9173e191f2bed58785914c66fbd6710b4a7fc30d34fe5dc42511d8,True,True,True,0.0,0,True,True
RIT_2014_215,RIT_2014_215_0.bmp,RIT_2014_215.bmp,32994,32994,314,101,314,101,L,L,0206d18f9c7142b3c77aef2c7dd1503a4f8c109dc8604b750281c1a2b9d0a89d,0206d18f9c7142b3c77aef2c7dd1503a4f8c109dc8604b750281c1a2b9d0a89d,True,True,True,0.0,0,True,True
RIT_2014_216,RIT_2014_216_0.bmp,RIT_2014_216.bmp,51058,51058,339,147,339,147,L,L,8f79a0922ff9f21ec15108619443d42a77bdd636167442c466bff826e0c2bac3,8f79a0922ff9f21ec15108619443d42a77bdd636167442c466bff826e0c2bac3,True,True,True,0.0,0,True,True
RIT_2014_217,RIT_2014_217_0.bmp,RIT_2014_217.bmp,53518,53518,380,138,380,138,L,L,9d480be02ae169b26bf3ff0d751e4883b83591bcd3f7e7a7c0b2c32c4912bec0,9d480be02ae169b26bf3ff0d751e4883b83591bcd3f7e7a7c0b2c32c4912bec0,True,True,True,0.0,0,True,True
RIT_2014_218,RIT_2014_218_0.bmp,RIT_2014_218.bmp,90518,90518,517,172,517,172,L,L,e699b05d5a14c5911e57ec358182839c0e9fa7ddcde491918d216d351457898b,e699b05d5a14c5911e57ec358182839c0e9fa7ddcde491918d216d351457898b,True,True,True,0.0,0,True,True
RIT_2014_219,RIT_2014_219_0.bmp,RIT_2014_219.bmp,8866,8866,131,59,131,59,L,L,79bf2ff88d1aa5aef47b4c5cf1bfb7d15c3dc2ec73245a8e5aa829d9118d5417,79bf2ff88d1aa5aef47b4c5cf1bfb7d15c3dc2ec73245a8e5aa829d9118d5417,True,True,True,0.0,0,True,True
RIT_2014_22,RIT_2014_22_0.bmp,RIT_2014_22.bmp,41310,41310,426,94,426,94,L,L,79d9f92ea16e4aac9b813dfe163da2e8c1f5ab224a2ecc6124569f95c43f1106,79d9f92ea16e4aac9b813dfe163da2e8c1f5ab224a2ecc6124569f95c43f1106,True,True,True,0.0,0,True,True
RIT_2014_220,RIT_2014_220_0.bmp,RIT_2014_220.bmp,88774,88774,809,108,809,108,L,L,33564f835e82896bcd0b19727bc39fb49b0e9844434a8c1faf38b5736f30e0d6,33564f835e82896bcd0b19727bc39fb49b0e9844434a8c1faf38b5736f30e0d6,True,True,True,0.0,0,True,True
RIT_2014_221,RIT_2014_221_0.bmp,RIT_2014_221.bmp,17126,17126,235,68,235,68,L,L,a7f1ccd44cfab01f7db05c8d002ba88ce358ddff3e59964a2cc01af651fa070f,a7f1ccd44cfab01f7db05c8d002ba88ce358ddff3e59964a2cc01af651fa070f,True,True,True,0.0,0,True,True
RIT_2014_222,RIT_2014_222_0.bmp,RIT_2014_222.bmp,139362,139362,722,191,722,191,L,L,880d78ed6a893d1eca4094efbc94ebc6586834b9b5b9be93a77b02598a5a9583,880d78ed6a893d1eca4094efbc94ebc6586834b9b5b9be93a77b02598a5a9583,True,True,True,0.0,0,True,True
RIT_2014_223,RIT_2014_223_0.bmp,RIT_2014_223.bmp,104302,104302,1009,102,1009,102,L,L,7cfbe8bc28415af0bb5681279031fd7b39c472375922a73ea5bd1b0421a1cf19,7cfbe8bc28415af0bb5681279031fd7b39c472375922a73ea5bd1b0421a1cf19,True,True,True,0.0,0,True,True
RIT_2014_224,RIT_2014_224_0.bmp,RIT_2014_224.bmp,116278,116278,600,192,600,192,L,L,5e8cfc88598c2e010369b3f634fe3f6d6257c39d08b4f83e98ae0793cca46596,5e8cfc88598c2e010369b3f634fe3f6d6257c39d08b4f83e98ae0793cca46596,True,True,True,0.0,0,True,True
RIT_2014_225,RIT_2014_225_0.bmp,RIT_2014_225.bmp,44030,44030,469,91,469,91,L,L,5aa5c9228a5480776ed6f0c02bdb937c8ba32e8469957d28eac5a608df9aa429,5aa5c9228a5480776ed6f0c02bdb937c8ba32e8469957d28eac5a608df9aa429,True,True,True,0.0,0,True,True
RIT_2014_226,RIT_2014_226_0.bmp,RIT_2014_226.bmp,31098,31098,313,95,313,95,L,L,6cd34f6d1cecd87e73f5be0a27cc4393bcc5a9fd7917f4d4687d75cc2c504b42,6cd34f6d1cecd87e73f5be0a27cc4393bcc5a9fd7917f4d4687d75cc2c504b42,True,True,True,0.0,0,True,True
RIT_2014_227,RIT_2014_227_0.bmp,RIT_2014_227.bmp,67578,67578,532,125,532,125,L,L,378af1a88738b6ad230f22c55e447e92867aaffca5f8dea9ee7837a4c338260f,378af1a88738b6ad230f22c55e447e92867aaffca5f8dea9ee7837a4c338260f,True,True,True,0.0,0,True,True
RIT_2014_228,RIT_2014_228_0.bmp,RIT_2014_228.bmp,16766,16766,145,106,145,106,L,L,7e238c6fb52568b041b5c009724a9916689f659abc21966ed792409510209862,7e238c6fb52568b041b5c009724a9916689f659abc21966ed792409510209862,True,True,True,0.0,0,True,True
RIT_2014_229,RIT_2014_229_0.bmp,RIT_2014_229.bmp,30118,30118,237,121,237,121,L,L,ff269056ac4479638919c903b321d77e0693d09b48df40a720f47091aca6910c,ff269056ac4479638919c903b321d77e0693d09b48df40a720f47091aca6910c,True,True,True,0.0,0,True,True
RIT_2014_23,RIT_2014_23_0.bmp,RIT_2014_23.bmp,34198,34198,286,115,286,115,L,L,552abedd69f50befa440fc613f1fa44e0b69ce49eeaaf616fed77d2cd77d64b4,552abedd69f50befa440fc613f1fa44e0b69ce49eeaaf616fed77d2cd77d64b4,True,True,True,0.0,0,True,True
RIT_2014_230,RIT_2014_230_0.bmp,RIT_2014_230.bmp,24838,24838,264,90,264,90,L,L,da643d9564d3618ebf18fa1e76658688a576fe16437cab7007f9dc787d04ec5f,da643d9564d3618ebf18fa1e76658688a576fe16437cab7007f9dc787d04ec5f,True,True,True,0.0,0,True,True
RIT_2014_231,RIT_2014_231_0.bmp,RIT_2014_231.bmp,7126,7126,96,63,96,63,L,L,1e7dfd55b1c01af778829b99355cf04e997f986617e4001b3852a02f60bd0bfe,1e7dfd55b1c01af778829b99355cf04e997f986617e4001b3852a02f60bd0bfe,True,True,True,0.0,0,True,True
RIT_2014_232,RIT_2014_232_0.bmp,RIT_2014_232.bmp,18374,18374,185,92,185,92,L,L,edacfcdc6fd87b326eea16eb9c9d25eeca778cf2b29c34a7d20dc2507c27dea9,edacfcdc6fd87b326eea16eb9c9d25eeca778cf2b29c34a7d20dc2507c27dea9,True,True,True,0.0,0,True,True
RIT_2014_233,RIT_2014_233_0.bmp,RIT_2014_233.bmp,6246,6246,65,76,65,76,L,L,4e18f16051fc422fcda95986c4d72b852519f3f1cb8cc1808ea5c4d7dbd20514,4e18f16051fc422fcda95986c4d72b852519f3f1cb8cc1808ea5c4d7dbd20514,True,True,True,0.0,0,True,True
RIT_2014_234,RIT_2014_234_0.bmp,RIT_2014_234.bmp,21398,21398,159,127,159,127,L,L,316e62eada84665a97c82c80690ecbf9978590ab6297da9c1876ed9da0f789fb,316e62eada84665a97c82c80690ecbf9978590ab6297da9c1876ed9da0f789fb,True,True,True,0.0,0,True,True
RIT_2014_235,RIT_2014_235_0.bmp,RIT_2014_235.bmp,21430,21430,190,106,190,106,L,L,de3d4b6a3d1dee921aff2856daa5b027db0d7edd4a458fdcd0ebe49ebf819c8f,de3d4b6a3d1dee921aff2856daa5b027db0d7edd4a458fdcd0ebe49ebf819c8f,True,True,True,0.0,0,True,True
RIT_2014_236,RIT_2014_236_0.bmp,RIT_2014_236.bmp,16678,16678,207,75,207,75,L,L,d9715206ba4f35dc8493e870487bfcb33e93ddb3263a12691074f265ad93e5e1,d9715206ba4f35dc8493e870487bfcb33e93ddb3263a12691074f265ad93e5e1,True,True,True,0.0,0,True,True
RIT_2014_237,RIT_2014_237_0.bmp,RIT_2014_237.bmp,29110,29110,290,96,290,96,L,L,da0a0353732e84d6cd1edfda8161304dd028aaf5a16064add3a3b7530d201877,da0a0353732e84d6cd1edfda8161304dd028aaf5a16064add3a3b7530d201877,True,True,True,0.0,0,True,True
RIT_2014_238,RIT_2014_238_0.bmp,RIT_2014_238.bmp,12358,12358,119,94,119,94,L,L,cc5501bd8b187d27faf1cebe7788d078b76efa9933033cb1f0c63f00bbf0c92d,cc5501bd8b187d27faf1cebe7788d078b76efa9933033cb1f0c63f00bbf0c92d,True,True,True,0.0,0,True,True
RIT_2014_239,RIT_2014_239_0.bmp,RIT_2014_239.bmp,25918,25918,178,138,178,138,L,L,a80956fc5bd3080d403cc59d5d2381a2bf4923b243b0b68a6e7c28e107039e4e,a80956fc5bd3080d403cc59d5d2381a2bf4923b243b0b68a6e7c28e107039e4e,True,True,True,0.0,0,True,True
RIT_2014_24,RIT_2014_24_0.bmp,RIT_2014_24.bmp,64498,64498,419,151,419,151,L,L,d9b87e7a7ff8c197cbad74e5f53cbf1e29def37954bb716f9fdc3cf813e633ec,d9b87e7a7ff8c197cbad74e5f53cbf1e29def37954bb716f9fdc3cf813e633ec,True,True,True,0.0,0,True,True
RIT_2014_240,RIT_2014_240_0.bmp,RIT_2014_240.bmp,17402,17402,210,77,210,77,L,L,9b65e45f8e783af51d15bc6304549d57c22c4e39f0d618b32a77d45f7616c773,9b65e45f8e783af51d15bc6304549d57c22c4e39f0d618b32a77d45f7616c773,True,True,True,0.0,0,True,True
RIT_2014_241,RIT_2014_241_0.bmp,RIT_2014_241.bmp,22662,22662,282,76,282,76,L,L,89892ef55d1a638c63d638a6ba97a63ce2b5af38e62866b140656d7eb1fd1f82,89892ef55d1a638c63d638a6ba97a63ce2b5af38e62866b140656d7eb1fd1f82,True,True,True,0.0,0,True,True
RIT_2014_242,RIT_2014_242_0.bmp,RIT_2014_242.bmp,48478,48478,314,150,314,150,L,L,54675e603b57745410f0a07f7577e4ded41e2794174ac4947e76a05f4b11f7e5,54675e603b57745410f0a07f7577e4ded41e2794174ac4947e76a05f4b11f7e5,True,True,True,0.0,0,True,True
RIT_2014_243,RIT_2014_243_0.bmp,RIT_2014_243.bmp,21778,21778,180,115,180,115,L,L,4d3b088170e8a7252d01a0d2d9f69de94ee5bc1525241a73186f8d78b1d62fd8,4d3b088170e8a7252d01a0d2d9f69de94ee5bc1525241a73186f8d78b1d62fd8,True,True,True,0.0,0,True,True
RIT_2014_244,RIT_2014_244_0.bmp,RIT_2014_244.bmp,31478,31478,303,100,303,100,L,L,a50dc4e34c5f1574ed2fb64f6d22e821588e6dd0011281f94737c247e54f8952,a50dc4e34c5f1574ed2fb64f6d22e821588e6dd0011281f94737c247e54f8952,True,True,True,0.0,0,True,True
RIT_2014_245,RIT_2014_245_0.bmp,RIT_2014_245.bmp,13718,13718,158,79,158,79,L,L,5ef3922e8f0893e99e284b598ff1239b8d30a42dc42250254a167d71e2e110b5,5ef3922e8f0893e99e284b598ff1239b8d30a42dc42250254a167d71e2e110b5,True,True,True,0.0,0,True,True
RIT_2014_246,RIT_2014_246_0.bmp,RIT_2014_246.bmp,7990,7990,108,64,108,64,L,L,76ee01df87e254242ac3d8094c1bf0108e92a5fdc4099a16af4e1da118850984,76ee01df87e254242ac3d8094c1bf0108e92a5fdc4099a16af4e1da118850984,True,True,True,0.0,0,True,True
RIT_2014_247,RIT_2014_247_0.bmp,RIT_2014_247.bmp,18326,18326,222,77,222,77,L,L,527aaa7d6841ec764a726dadd48bc298167322cfca432f08195666afa6ed3274,527aaa7d6841ec764a726dadd48bc298167322cfca432f08195666afa6ed3274,True,True,True,0.0,0,True,True
RIT_2014_248,RIT_2014_248_0.bmp,RIT_2014_248.bmp,19954,19954,155,121,155,121,L,L,44cc01e970cc3bbdeeaddcfb7701122d69915473ac8307407b1f2302dc28dc50,44cc01e970cc3bbdeeaddcfb7701122d69915473ac8307407b1f2302dc28dc50,True,True,True,0.0,0,True,True
RIT_2014_249,RIT_2014_249_0.bmp,RIT_2014_249.bmp,5334,5334,73,56,73,56,L,L,b1d623abb1cff3607ba8ceb110e4507254f8d30beb8da535ea22909c1ca49d74,b1d623abb1cff3607ba8ceb110e4507254f8d30beb8da535ea22909c1ca49d74,True,True,True,0.0,0,True,True
RIT_2014_25,RIT_2014_25_0.bmp,RIT_2014_25.bmp,36678,36678,400,89,400,89,L,L,549e5a749d7185a3b3b89fe53221c3c0ebf702f2c9ea80b476f0365b3cf58757,549e5a749d7185a3b3b89fe53221c3c0ebf702f2c9ea80b476f0365b3cf58757,True,True,True,0.0,0,True,True
RIT_2014_250,RIT_2014_250_0.bmp,RIT_2014_250.bmp,8778,8778,100,77,100,77,L,L,9c9256475a9ec9d091a1d5269cf49465012f13aa579ae97cc8f0f7f07505cbc2,9c9256475a9ec9d091a1d5269cf49465012f13aa579ae97cc8f0f7f07505cbc2,True,True,True,0.0,0,True,True
RIT_2014_251,RIT_2014_251_0.bmp,RIT_2014_251.bmp,29898,29898,217,131,217,131,L,L,03a21047e152b4cb3006c0ff5e2216857122efe025fe3e00ecfd8d8b9081cf6f,03a21047e152b4cb3006c0ff5e2216857122efe025fe3e00ecfd8d8b9081cf6f,True,True,True,0.0,0,True,True
RIT_2014_252,RIT_2014_252_0.bmp,RIT_2014_252.bmp,29614,29614,325,87,325,87,L,L,c7fb5b0a540d93487c417ad8bda75995aeed366aa1991bfdfb8b58fe49e50b2f,c7fb5b0a540d93487c417ad8bda75995aeed366aa1991bfdfb8b58fe49e50b2f,True,True,True,0.0,0,True,True
RIT_2014_253,RIT_2014_253_0.bmp,RIT_2014_253.bmp,22478,22478,200,107,200,107,L,L,421ee411655e9c6cfaeb4075cbf9dcf354c17e1ffcaf7aa0a94f16b7abd755cc,421ee411655e9c6cfaeb4075cbf9dcf354c17e1ffcaf7aa0a94f16b7abd755cc,True,True,True,0.0,0,True,True
RIT_2014_254,RIT_2014_254_0.bmp,RIT_2014_254.bmp,38518,38518,258,144,258,144,L,L,e3a38625592737ae470b8ccd35fced449c9316ec36845dccce485fe611923c72,e3a38625592737ae470b8ccd35fced449c9316ec36845dccce485fe611923c72,True,True,True,0.0,0,True,True
RIT_2014_255,RIT_2014_255_0.bmp,RIT_2014_255.bmp,29078,29078,279,100,279,100,L,L,eaab553874e74722c7cca5b0ef7e64024c942ca4370b1d5de056ed3e2f71cb1d,eaab553874e74722c7cca5b0ef7e64024c942ca4370b1d5de056ed3e2f71cb1d,True,True,True,0.0,0,True,True
RIT_2014_256,RIT_2014_256_0.bmp,RIT_2014_256.bmp,49338,49338,379,127,379,127,L,L,226088d6ff614fdfd709eeefd2dad4645acfca7328ca99b6299422135f5e1882,226088d6ff614fdfd709eeefd2dad4645acfca7328ca99b6299422135f5e1882,True,True,True,0.0,0,True,True
RIT_2014_257,RIT_2014_257_0.bmp,RIT_2014_257.bmp,14406,14406,136,98,136,98,L,L,9ce68513aa81248f3c4d394cf8708bebbd764ba3242ffc30ae545a49aa9f007a,9ce68513aa81248f3c4d394cf8708bebbd764ba3242ffc30ae545a49aa9f007a,True,True,True,0.0,0,True,True
RIT_2014_258,RIT_2014_258_0.bmp,RIT_2014_258.bmp,33174,33174,270,118,270,118,L,L,c0e9b26dde4af711c05bc9253a6b1079f54e3b3ba7b348f2dc62a243dd4cf8cb,c0e9b26dde4af711c05bc9253a6b1079f54e3b3ba7b348f2dc62a243dd4cf8cb,True,True,True,0.0,0,True,True
RIT_2014_259,RIT_2014_259_0.bmp,RIT_2014_259.bmp,30518,30518,256,115,256,115,L,L,8b6f194046df0cd7e6a40ea66dc27b00113d424966d8d732fd4a473e4c761ca4,8b6f194046df0cd7e6a40ea66dc27b00113d424966d8d732fd4a473e4c761ca4,True,True,True,0.0,0,True,True
RIT_2014_26,RIT_2014_26_0.bmp,RIT_2014_26.bmp,64918,64918,418,152,418,152,L,L,55f897e54ff0e990e08957f5a58da12515b70b128c5112c9de2024cf8b4aae28,55f897e54ff0e990e08957f5a58da12515b70b128c5112c9de2024cf8b4aae28,True,True,True,0.0,0,True,True
RIT_2014_260,RIT_2014_260_0.bmp,RIT_2014_260.bmp,6202,6202,82,61,82,61,L,L,fa857124e8e2a2d7e9772d751aa7a34a7eaecd3fd8dd4ea27f602ff2959f6a94,fa857124e8e2a2d7e9772d751aa7a34a7eaecd3fd8dd4ea27f602ff2959f6a94,True,True,True,0.0,0,True,True
RIT_2014_261,RIT_2014_261_0.bmp,RIT_2014_261.bmp,11550,11550,136,77,136,77,L,L,fbfb82cf3d7b64a73c18f20969d67634a2c6d5730cc2ecb1836e79c078f5f680,fbfb82cf3d7b64a73c18f20969d67634a2c6d5730cc2ecb1836e79c078f5f680,True,True,True,0.0,0,True,True
RIT_2014_262,RIT_2014_262_0.bmp,RIT_2014_262.bmp,51766,51766,511,99,511,99,L,L,e193e3f116a32270365a7016147708814f39c194ba60b1d998dd075e59cfa097,e193e3f116a32270365a7016147708814f39c194ba60b1d998dd075e59cfa097,True,True,True,0.0,0,True,True
RIT_2014_263,RIT_2014_263_0.bmp,RIT_2014_263.bmp,57526,57526,503,112,503,112,L,L,cd9da29de3e5fd3c9b5e194104cc81141799b0c89fa0d92aa418c9df920c44af,cd9da29de3e5fd3c9b5e194104cc81141799b0c89fa0d92aa418c9df920c44af,True,True,True,0.0,0,True,True
RIT_2014_264,RIT_2014_264_0.bmp,RIT_2014_264.bmp,66358,66358,407,160,407,160,L,L,b8fec9d4a3a8b8c29a9ebafa9070aedb10ab07aa29f610fbb4df91967ece1593,b8fec9d4a3a8b8c29a9ebafa9070aedb10ab07aa29f610fbb4df91967ece1593,True,True,True,0.0,0,True,True
RIT_2014_265,RIT_2014_265_0.bmp,RIT_2014_265.bmp,37162,37162,388,93,388,93,L,L,9ca7df7f7cd72c84e84082c9e405ba847b8833f3c79f313e890422750d5299fa,9ca7df7f7cd72c84e84082c9e405ba847b8833f3c79f313e890422750d5299fa,True,True,True,0.0,0,True,True
RIT_2014_266,RIT_2014_266_0.bmp,RIT_2014_266.bmp,28526,28526,376,73,376,73,L,L,edc92b3fecc9750630b8f2aaa85dee0fcdc62ca6465695d39f7a06ed049b9a44,edc92b3fecc9750630b8f2aaa85dee0fcdc62ca6465695d39f7a06ed049b9a44,True,True,True,0.0,0,True,True
RIT_2014_267,RIT_2014_267_0.bmp,RIT_2014_267.bmp,27858,27858,260,103,260,103,L,L,7e5a1cf55e33307cd623a7ce029ad0a2d73842527c854ba2446acdcb1989a9a8,7e5a1cf55e33307cd623a7ce029ad0a2d73842527c854ba2446acdcb1989a9a8,True,True,True,0.0,0,True,True
RIT_2014_268,RIT_2014_268_0.bmp,RIT_2014_268.bmp,39262,39262,341,111,341,111,L,L,51fefd601edd9b181960dee79c8d4f5fa5cc994e67cfe77295a0b0c2b8921307,51fefd601edd9b181960dee79c8d4f5fa5cc994e67cfe77295a0b0c2b8921307,True,True,True,0.0,0,True,True
RIT_2014_269,RIT_2014_269_0.bmp,RIT_2014_269.bmp,9178,9178,108,75,108,75,L,L,3911fb67d4a7cb4a0cd18211ffc604de217f5c2b93a9b515d0a536fb14501c4b,3911fb67d4a7cb4a0cd18211ffc604de217f5c2b93a9b515d0a536fb14501c4b,True,True,True,0.0,0,True,True
RIT_2014_27,RIT_2014_27_0.bmp,RIT_2014_27.bmp,24118,24118,240,96,240,96,L,L,aafc8b855686ba1e271d4fdf1dbc76ebb71c7244f24d5ee5f379be94c57cabce,aafc8b855686ba1e271d4fdf1dbc76ebb71c7244f24d5ee5f379be94c57cabce,True,True,True,0.0,0,True,True
RIT_2014_270,RIT_2014_270_0.bmp,RIT_2014_270.bmp,13118,13118,171,70,171,70,L,L,e70d3bcb5377d8d105620ed7227fa77829ab361b69fa3573980ab467cf7b6f20,e70d3bcb5377d8d105620ed7227fa77829ab361b69fa3573980ab467cf7b6f20,True,True,True,0.0,0,True,True
RIT_2014_271,RIT_2014_271_0.bmp,RIT_2014_271.bmp,11830,11830,128,84,128,84,L,L,e670707b85a8b65b394fdc15b4eae32dbb0f20a6f54c3b1fc8509fff2981687b,e670707b85a8b65b394fdc15b4eae32dbb0f20a6f54c3b1fc8509fff2981687b,True,True,True,0.0,0,True,True
RIT_2014_272,RIT_2014_272_0.bmp,RIT_2014_272.bmp,5686,5686,72,64,72,64,L,L,a7bc8b3e12ccb089e42d6adcf31f6f0f4a7d9bc8408954314e38c37c99b60ea8,a7bc8b3e12ccb089e42d6adcf31f6f0f4a7d9bc8408954314e38c37c99b60ea8,True,True,True,0.0,0,True,True
RIT_2014_273,RIT_2014_273_0.bmp,RIT_2014_273.bmp,64918,64918,379,168,379,168,L,L,c7a547dd6170596934f6f9df8f2d7ae7b29b778f7eea08a5acda1bb215baa9e6,c7a547dd6170596934f6f9df8f2d7ae7b29b778f7eea08a5acda1bb215baa9e6,True,True,True,0.0,0,True,True
RIT_2014_274,RIT_2014_274_0.bmp,RIT_2014_274.bmp,25398,25398,320,76,320,76,L,L,2ddc7f76060b526f6ff55e57cc3f8bb714cb7c84543ad8927c38530eb1f648e5,2ddc7f76060b526f6ff55e57cc3f8bb714cb7c84543ad8927c38530eb1f648e5,True,True,True,0.0,0,True,True
RIT_2014_275,RIT_2014_275_0.bmp,RIT_2014_275.bmp,10726,10726,143,67,143,67,L,L,26e509e7977b292d8077b7764d63ab06db23b2f88a49076b3d4f09cb4b9d9a9b,26e509e7977b292d8077b7764d63ab06db23b2f88a49076b3d4f09cb4b9d9a9b,True,True,True,0.0,0,True,True
RIT_2014_276,RIT_2014_276_0.bmp,RIT_2014_276.bmp,70222,70222,513,134,513,134,L,L,69cc2dcfdc7163584b46a56890fdfc8dcf38446e0e2cff3c81d8eae8ab29cf81,69cc2dcfdc7163584b46a56890fdfc8dcf38446e0e2cff3c81d8eae8ab29cf81,True,True,True,0.0,0,True,True
RIT_2014_277,RIT_2014_277_0.bmp,RIT_2014_277.bmp,10318,10318,130,70,130,70,L,L,567264baeddfd94b081efbff61dd3a9005e750acc6190d4e1c790730cda6f1ac,567264baeddfd94b081efbff61dd3a9005e750acc6190d4e1c790730cda6f1ac,True,True,True,0.0,0,True,True
RIT_2014_278,RIT_2014_278_0.bmp,RIT_2014_278.bmp,48598,48598,350,135,350,135,L,L,d621fe6d586d825078b4c97df0d77da3a9a62cb82d8eb9fb4a73328d4e538296,d621fe6d586d825078b4c97df0d77da3a9a62cb82d8eb9fb4a73328d4e538296,True,True,True,0.0,0,True,True
RIT_2014_279,RIT_2014_279_0.bmp,RIT_2014_279.bmp,21994,21994,249,83,249,83,L,L,b5cd4a659d478c946a967f4aaebe9daee624448aa7f085d9ea2450be6361fac3,b5cd4a659d478c946a967f4aaebe9daee624448aa7f085d9ea2450be6361fac3,True,True,True,0.0,0,True,True
RIT_2014_28,RIT_2014_28_0.bmp,RIT_2014_28.bmp,29878,29878,239,120,239,120,L,L,a13dc0d3029794e735f28a724c71973ae980a136bfb9f070a2e5bde4b2b1b2e3,a13dc0d3029794e735f28a724c71973ae980a136bfb9f070a2e5bde4b2b1b2e3,True,True,True,0.0,0,True,True
RIT_2014_280,RIT_2014_280_0.bmp,RIT_2014_280.bmp,13046,13046,176,68,176,68,L,L,173da034374338e45dcfa8836b40981389194199b1761a985614447721356c15,173da034374338e45dcfa8836b40981389194199b1761a985614447721356c15,True,True,True,0.0,0,True,True
RIT_2014_281,RIT_2014_281_0.bmp,RIT_2014_281.bmp,11262,11262,152,67,152,67,L,L,0d7ceaf4ea02958a088c4d72e3f3f66a78343b44da5b08304a62ca2087998ae2,0d7ceaf4ea02958a088c4d72e3f3f66a78343b44da5b08304a62ca2087998ae2,True,True,True,0.0,0,True,True
RIT_2014_282,RIT_2014_282_0.bmp,RIT_2014_282.bmp,48426,48426,355,133,355,133,L,L,8ce1c32875d0f2c084f262f0dd57203b5ae18f7df489040a5113c4568804aea1,8ce1c32875d0f2c084f262f0dd57203b5ae18f7df489040a5113c4568804aea1,True,True,True,0.0,0,True,True
RIT_2014_283,RIT_2014_283_0.bmp,RIT_2014_283.bmp,17302,17302,206,78,206,78,L,L,e2958d8face4585e88edd529db650bb4240e8a6d560861713fa30883cefeb4c3,e2958d8face4585e88edd529db650bb4240e8a6d560861713fa30883cefeb4c3,True,True,True,0.0,0,True,True
RIT_2014_284,RIT_2014_284_0.bmp,RIT_2014_284.bmp,6138,6138,90,55,90,55,L,L,ced0d1c97b51d511055991039b5362610095e4eab111f6e4f78804179a5cea02,ced0d1c97b51d511055991039b5362610095e4eab111f6e4f78804179a5cea02,True,True,True,0.0,0,True,True
RIT_2014_285,RIT_2014_285_0.bmp,RIT_2014_285.bmp,8566,8566,104,72,104,72,L,L,ce94906dd4c904af777dfa204e21abd08cb16d646eb21bf79b9a4409f6bea9c5,ce94906dd4c904af777dfa204e21abd08cb16d646eb21bf79b9a4409f6bea9c5,True,True,True,0.0,0,True,True
RIT_2014_286,RIT_2014_286_0.bmp,RIT_2014_286.bmp,95254,95254,872,108,872,108,L,L,58d8b4ca4c5fbf2dba1aa596bff1030417f5ad7da2731ab4695fb7061cc15bd1,58d8b4ca4c5fbf2dba1aa596bff1030417f5ad7da2731ab4695fb7061cc15bd1,True,True,True,0.0,0,True,True
RIT_2014_287,RIT_2014_287_0.bmp,RIT_2014_287.bmp,47326,47326,373,123,373,123,L,L,0df04b703b95dc9499a95e2ce79c740a810bb8befb84d642466883ccc01a706e,0df04b703b95dc9499a95e2ce79c740a810bb8befb84d642466883ccc01a706e,True,True,True,0.0,0,True,True
RIT_2014_288,RIT_2014_288_0.bmp,RIT_2014_288.bmp,29202,29202,314,89,314,89,L,L,b58ca705850498db08ba1536c38033b7926b5d6a0184f563016a1250b78e44ce,b58ca705850498db08ba1536c38033b7926b5d6a0184f563016a1250b78e44ce,True,True,True,0.0,0,True,True
RIT_2014_289,RIT_2014_289_0.bmp,RIT_2014_289.bmp,15246,15246,182,77,182,77,L,L,51fc5f3204767c58da5fefa873574de16f5768d9f7526ea3a2c2f6a8f6baaa07,51fc5f3204767c58da5fefa873574de16f5768d9f7526ea3a2c2f6a8f6baaa07,True,True,True,0.0,0,True,True
RIT_2014_29,RIT_2014_29_0.bmp,RIT_2014_29.bmp,4102,4102,53,54,53,54,L,L,e28d1a67e25b9cd45be50ed6f320bc3f247fb862a9fa747fb2cb327de39937fe,e28d1a67e25b9cd45be50ed6f320bc3f247fb862a9fa747fb2cb327de39937fe,True,True,True,0.0,0,True,True
RIT_2014_290,RIT_2014_290_0.bmp,RIT_2014_290.bmp,71962,71962,395,179,395,179,L,L,4c3dbfdfdb251d93b41eed13b9c09582f33914c69d16532d9947befa91e0bcac,4c3dbfdfdb251d93b41eed13b9c09582f33914c69d16532d9947befa91e0bcac,True,True,True,0.0,0,True,True
RIT_2014_291,RIT_2014_291_0.bmp,RIT_2014_291.bmp,9014,9014,123,64,123,64,L,L,51a8007bb4f7c373476dfd85211fa500aaaac975562dd71ef728261e8a4961bd,51a8007bb4f7c373476dfd85211fa500aaaac975562dd71ef728261e8a4961bd,True,True,True,0.0,0,True,True
RIT_2014_292,RIT_2014_292_0.bmp,RIT_2014_292.bmp,11878,11878,142,75,142,75,L,L,e50c6a6e3da2c0e921c99dee2606be1195692caac1ef34805659d37ec562d8c0,e50c6a6e3da2c0e921c99dee2606be1195692caac1ef34805659d37ec562d8c0,True,True,True,0.0,0,True,True
RIT_2014_293,RIT_2014_293_0.bmp,RIT_2014_293.bmp,66966,66966,463,142,463,142,L,L,05cf5163729d42372dbfcb6580ce2a9ee4565d1c7181f513de7dc73bd5f8bef3,05cf5163729d42372dbfcb6580ce2a9ee4565d1c7181f513de7dc73bd5f8bef3,True,True,True,0.0,0,True,True
RIT_2014_294,RIT_2014_294_0.bmp,RIT_2014_294.bmp,15178,15178,188,75,188,75,L,L,17624b4990535e55abe037e09c1f2055751e22cda3ddee2ff41c6eaee965acae,17624b4990535e55abe037e09c1f2055751e22cda3ddee2ff41c6eaee965acae,True,True,True,0.0,0,True,True
RIT_2014_295,RIT_2014_295_0.bmp,RIT_2014_295.bmp,35126,35126,254,133,254,133,L,L,5f153bdcf375cf3633b7da054006f7bdb1166ea8f722318893f06b065313c974,5f153bdcf375cf3633b7da054006f7bdb1166ea8f722318893f06b065313c974,True,True,True,0.0,0,True,True
RIT_2014_296,RIT_2014_296_0.bmp,RIT_2014_296.bmp,16766,16766,210,74,210,74,L,L,6b4a0a77645aa97cd548ca9bf4c50abc442e9638bfd70c656d8acd0846778ade,6b4a0a77645aa97cd548ca9bf4c50abc442e9638bfd70c656d8acd0846778ade,True,True,True,0.0,0,True,True
RIT_2014_297,RIT_2014_297_0.bmp,RIT_2014_297.bmp,23094,23094,255,86,255,86,L,L,a41ddbd21a6ac3f4b6272ace7e1a488c81e0155b6be2e0babe6a8bd1203b87b8,a41ddbd21a6ac3f4b6272ace7e1a488c81e0155b6be2e0babe6a8bd1203b87b8,True,True,True,0.0,0,True,True
RIT_2014_298,RIT_2014_298_0.bmp,RIT_2014_298.bmp,15118,15118,153,90,153,90,L,L,14d74e96d8894a4dfd1a8824dc5646eadc6c96eb44d8d35a33f9e024f5704076,14d74e96d8894a4dfd1a8824dc5646eadc6c96eb44d8d35a33f9e024f5704076,True,True,True,0.0,0,True,True
RIT_2014_299,RIT_2014_299_0.bmp,RIT_2014_299.bmp,7078,7078,99,60,99,60,L,L,55a5b614b13c90b8dba7b86e2331bc04ae2c885e4bfb96740798a599239d7ebc,55a5b614b13c90b8dba7b86e2331bc04ae2c885e4bfb96740798a599239d7ebc,True,True,True,0.0,0,True,True
RIT_2014_3,RIT_2014_3_0.bmp,RIT_2014_3.bmp,88798,88798,514,170,514,170,L,L,93da21fa554d971d0a1016fc404ce83e4634d9a64755d9f29e34f1e88a59cc08,93da21fa554d971d0a1016fc404ce83e4634d9a64755d9f29e34f1e88a59cc08,True,True,True,0.0,0,True,True
RIT_2014_30,RIT_2014_30_0.bmp,RIT_2014_30.bmp,57854,57854,375,151,375,151,L,L,f55665578e7a5dd9ead9ba386480070dafdae493b817b7c73209b55b538f50c6,f55665578e7a5dd9ead9ba386480070dafdae493b817b7c73209b55b538f50c6,True,True,True,0.0,0,True,True
RIT_2014_300,RIT_2014_300_0.bmp,RIT_2014_300.bmp,50726,50726,428,116,428,116,L,L,a58db58b8ef77a20d562ebeb2cc783239c8ada08d94391e962a9d5f5a36e72a3,a58db58b8ef77a20d562ebeb2cc783239c8ada08d94391e962a9d5f5a36e72a3,True,True,True,0.0,0,True,True
RIT_2014_301,RIT_2014_301_0.bmp,RIT_2014_301.bmp,35758,35758,337,102,337,102,L,L,d2e78c6715622cf660ab6317ea5499a30c4f0c26c5099dc18f5b2723b9f7f9ba,d2e78c6715622cf660ab6317ea5499a30c4f0c26c5099dc18f5b2723b9f7f9ba,True,True,True,0.0,0,True,True
RIT_2014_302,RIT_2014_302_0.bmp,RIT_2014_302.bmp,12166,12166,111,99,111,99,L,L,27075c4e088831006812e261f31d785e060a4a7f322a9183dd71e64bd813b291,27075c4e088831006812e261f31d785e060a4a7f322a9183dd71e64bd813b291,True,True,True,0.0,0,True,True
RIT_2014_303,RIT_2014_303_0.bmp,RIT_2014_303.bmp,12742,12742,144,81,144,81,L,L,1b359f8a3532a241aa2079d64e0054716ae49585c86a036496f83128ac26336a,1b359f8a3532a241aa2079d64e0054716ae49585c86a036496f83128ac26336a,True,True,True,0.0,0,True,True
RIT_2014_304,RIT_2014_304_0.bmp,RIT_2014_304.bmp,68878,68878,450,150,450,150,L,L,a2b1fa0c57a22e1afeb839ac6fbb5fb0bfc44b32594a7b615e58d167b65bee7c,a2b1fa0c57a22e1afeb839ac6fbb5fb0bfc44b32594a7b615e58d167b65bee7c,True,True,True,0.0,0,True,True
RIT_2014_305,RIT_2014_305_0.bmp,RIT_2014_305.bmp,17318,17318,115,140,115,140,L,L,7917429c856e151d13c8a5d0395dec94b20c3e9973bce747346990c570ef55bf,7917429c856e151d13c8a5d0395dec94b20c3e9973bce747346990c570ef55bf,True,True,True,0.0,0,True,True
RIT_2014_306,RIT_2014_306_0.bmp,RIT_2014_306.bmp,35998,35998,388,90,388,90,L,L,2f36b43766abfa3dfa93da3ca123f1cbfbadb639f858ccba9e780abcdb2431f4,2f36b43766abfa3dfa93da3ca123f1cbfbadb639f858ccba9e780abcdb2431f4,True,True,True,0.0,0,True,True
RIT_2014_307,RIT_2014_307_0.bmp,RIT_2014_307.bmp,6598,6598,77,69,77,69,L,L,9e9f850b1a0535b7ee622c5f9bb7a1039ee562ac7ebd10f60314a11a78de4854,9e9f850b1a0535b7ee622c5f9bb7a1039ee562ac7ebd10f60314a11a78de4854,True,True,True,0.0,0,True,True
RIT_2014_308,RIT_2014_308_0.bmp,RIT_2014_308.bmp,24218,24218,259,89,259,89,L,L,9e1bf65fed8666d389cffa3c7356b96eaea9e0c0add8f20bbd5381c445baae42,9e1bf65fed8666d389cffa3c7356b96eaea9e0c0add8f20bbd5381c445baae42,True,True,True,0.0,0,True,True
RIT_2014_309,RIT_2014_309_0.bmp,RIT_2014_309.bmp,36406,36406,255,138,255,138,L,L,9e491ffc8e60f9aacb1535a565ed5189b5cf4cba7aa3b8dfa9dda1257b73c7be,9e491ffc8e60f9aacb1535a565ed5189b5cf4cba7aa3b8dfa9dda1257b73c7be,True,True,True,0.0,0,True,True
RIT_2014_31,RIT_2014_31_0.bmp,RIT_2014_31.bmp,14690,14690,163,83,163,83,L,L,c99a5e0990db4a659a666c3e809e3b9625468c00f50d5852a470df86b701d1bc,c99a5e0990db4a659a666c3e809e3b9625468c00f50d5852a470df86b701d1bc,True,True,True,0.0,0,True,True
RIT_2014_310,RIT_2014_310_0.bmp,RIT_2014_310.bmp,12886,12886,142,82,142,82,L,L,b0d8671fde7e31c4c12fde421aa428e02af87f49185e7c3fbde921f8b32f2250,b0d8671fde7e31c4c12fde421aa428e02af87f49185e7c3fbde921f8b32f2250,True,True,True,0.0,0,True,True
RIT_2014_311,RIT_2014_311_0.bmp,RIT_2014_311.bmp,8694,8694,109,68,109,68,L,L,9b147d2f95ff10f8371fccc34e2258207d8bada2002f239c9c94a38c46b9d757,9b147d2f95ff10f8371fccc34e2258207d8bada2002f239c9c94a38c46b9d757,True,True,True,0.0,0,True,True
RIT_2014_312,RIT_2014_312_0.bmp,RIT_2014_312.bmp,119142,119142,626,188,626,188,L,L,7aff8d737a97bd1e275eb2352bfda943786ccdf305dafad0aacf58e49092f410,7aff8d737a97bd1e275eb2352bfda943786ccdf305dafad0aacf58e49092f410,True,True,True,0.0,0,True,True
RIT_2014_32,RIT_2014_32_0.bmp,RIT_2014_32.bmp,22322,22322,185,113,185,113,L,L,a276ef4c2b973db398824f3cd3da48505202e07bfc7bff62cd15fa51c1537a68,a276ef4c2b973db398824f3cd3da48505202e07bfc7bff62cd15fa51c1537a68,True,True,True,0.0,0,True,True
RIT_2014_33,RIT_2014_33_0.bmp,RIT_2014_33.bmp,42578,42578,332,125,332,125,L,L,64f300f45e6b14903bd884946410e9654968f2ffbc909fe2ff9d2ed389bc969e,64f300f45e6b14903bd884946410e9654968f2ffbc909fe2ff9d2ed389bc969e,True,True,True,0.0,0,True,True
RIT_2014_34,RIT_2014_34_0.bmp,RIT_2014_34.bmp,7574,7574,111,58,111,58,L,L,50c78d3d1bac2afef505a46105fa6fba9059199d969ba32465ba2ddf3552dae2,50c78d3d1bac2afef505a46105fa6fba9059199d969ba32465ba2ddf3552dae2,True,True,True,0.0,0,True,True
RIT_2014_35,RIT_2014_35_0.bmp,RIT_2014_35.bmp,11374,11374,132,78,132,78,L,L,667499ddb5d84f652aeaae937a4390cfd83a46603c2ace855792b5097b0d68af,667499ddb5d84f652aeaae937a4390cfd83a46603c2ace855792b5097b0d68af,True,True,True,0.0,0,True,True
RIT_2014_36,RIT_2014_36_0.bmp,RIT_2014_36.bmp,8866,8866,130,59,130,59,L,L,01e5b532fb79f59581340f2f204402843683653135cb65682da486e7e95a9fac,01e5b532fb79f59581340f2f204402843683653135cb65682da486e7e95a9fac,True,True,True,0.0,0,True,True
RIT_2014_37,RIT_2014_37_0.bmp,RIT_2014_37.bmp,21098,21098,257,77,257,77,L,L,6e2ced22111220fabb4f46f5281a25de5f5665fe6f59a9fe30dcc9e16a2ed480,6e2ced22111220fabb4f46f5281a25de5f5665fe6f59a9fe30dcc9e16a2ed480,True,True,True,0.0,0,True,True
RIT_2014_38,RIT_2014_38_0.bmp,RIT_2014_38.bmp,74390,74390,629,116,629,116,L,L,8462b7b00be9a687e0ccd974521fb6285f3822fee3f18db3ec934872eff63581,8462b7b00be9a687e0ccd974521fb6285f3822fee3f18db3ec934872eff63581,True,True,True,0.0,0,True,True
RIT_2014_39,RIT_2014_39_0.bmp,RIT_2014_39.bmp,12826,12826,131,89,131,89,L,L,161ff1c16f167e119a8c07732ac1703d5ea5cad7b48ecf953a1f9b980f978024,161ff1c16f167e119a8c07732ac1703d5ea5cad7b48ecf953a1f9b980f978024,True,True,True,0.0,0,True,True
RIT_2014_4,RIT_2014_4_0.bmp,RIT_2014_4.bmp,44974,44974,470,93,470,93,L,L,28c06ce687270fd1a277df767614c5e0388c86501577b7d4caa59cc102759562,28c06ce687270fd1a277df767614c5e0388c86501577b7d4caa59cc102759562,True,True,True,0.0,0,True,True
RIT_2014_40,RIT_2014_40_0.bmp,RIT_2014_40.bmp,10078,10078,117,75,117,75,L,L,a65c2694c1fd950b286530f78b2750e6d1c2042ca3c789dd985b830718592c47,a65c2694c1fd950b286530f78b2750e6d1c2042ca3c789dd985b830718592c47,True,True,True,0.0,0,True,True
RIT_2014_41,RIT_2014_41_0.bmp,RIT_2014_41.bmp,9190,9190,101,78,101,78,L,L,439d30a286c37e2ddfc841818ffcb27868f64a2a718beef06633928cd5be1e2e,439d30a286c37e2ddfc841818ffcb27868f64a2a718beef06633928cd5be1e2e,True,True,True,0.0,0,True,True
RIT_2014_42,RIT_2014_42_0.bmp,RIT_2014_42.bmp,17398,17398,204,80,204,80,L,L,e10c13c70a29740df969d890b9fcf6f2e2e4732f85a26be2ee06b9f30f80cfcd,e10c13c70a29740df969d890b9fcf6f2e2e4732f85a26be2ee06b9f30f80cfcd,True,True,True,0.0,0,True,True
RIT_2014_43,RIT_2014_43_0.bmp,RIT_2014_43.bmp,49222,49222,408,118,408,118,L,L,936cec622e41d1616c7a833dd5b04edfb359890da2f54b91589a7dd3939814fd,936cec622e41d1616c7a833dd5b04edfb359890da2f54b91589a7dd3939814fd,True,True,True,0.0,0,True,True
RIT_2014_44,RIT_2014_44_0.bmp,RIT_2014_44.bmp,28302,28302,329,82,329,82,L,L,17e62a140751920462497d945683ae69c6c87d69eb72abdd9cdc5bb5bcd16da3,17e62a140751920462497d945683ae69c6c87d69eb72abdd9cdc5bb5bcd16da3,True,True,True,0.0,0,True,True
RIT_2014_45,RIT_2014_45_0.bmp,RIT_2014_45.bmp,5110,5110,61,63,61,63,L,L,dc729d3385f6e81a4ea73c1d23cf618351c327f68d299352986be4c40a85ba55,dc729d3385f6e81a4ea73c1d23cf618351c327f68d299352986be4c40a85ba55,True,True,True,0.0,0,True,True
RIT_2014_46,RIT_2014_46_0.bmp,RIT_2014_46.bmp,20230,20230,227,84,227,84,L,L,b7c92fce69bb3f064b7dfd9817b0e6a271fe37036b47fb926e7094409a89f030,b7c92fce69bb3f064b7dfd9817b0e6a271fe37036b47fb926e7094409a89f030,True,True,True,0.0,0,True,True
RIT_2014_47,RIT_2014_47_0.bmp,RIT_2014_47.bmp,32038,32038,240,129,240,129,L,L,beb82f5f65c1e80810e306500d6c25968daf79d7e05f564b4c51d100f3abe69d,beb82f5f65c1e80810e306500d6c25968daf79d7e05f564b4c51d100f3abe69d,True,True,True,0.0,0,True,True
RIT_2014_48,RIT_2014_48_0.bmp,RIT_2014_48.bmp,16846,16846,214,73,214,73,L,L,2c2c4dc5f8e3bc6a7ae08ed27472effbd038d7b74487ef051932a71c5043615b,2c2c4dc5f8e3bc6a7ae08ed27472effbd038d7b74487ef051932a71c5043615b,True,True,True,0.0,0,True,True
RIT_2014_49,RIT_2014_49_0.bmp,RIT_2014_49.bmp,46066,46066,274,163,274,163,L,L,9277abcaa8276d1be54a1eb9d65a9bbea24d339396c1034cac3be813e8585fde,9277abcaa8276d1be54a1eb9d65a9bbea24d339396c1034cac3be813e8585fde,True,True,True,0.0,0,True,True
RIT_2014_5,RIT_2014_5_0.bmp,RIT_2014_5.bmp,17126,17126,134,118,134,118,L,L,d0f416f0fd6c800d2f7a7ac623be4513e87d9cddcad45e61970da55ca34dc64e,d0f416f0fd6c800d2f7a7ac623be4513e87d9cddcad45e61970da55ca34dc64e,True,True,True,0.0,0,True,True
RIT_2014_50,RIT_2014_50_0.bmp,RIT_2014_50.bmp,9142,9142,111,72,111,72,L,L,777a1322694efe8ec7912a423961f1938da7c370f18b6d5bae1abe9a54858c8e,777a1322694efe8ec7912a423961f1938da7c370f18b6d5bae1abe9a54858c8e,True,True,True,0.0,0,True,True
RIT_2014_51,RIT_2014_51_0.bmp,RIT_2014_51.bmp,21358,21358,258,78,258,78,L,L,707dfbb71bc41dedefcbfa909f1770b4d06b8c1578d210587548566b61193c6d,707dfbb71bc41dedefcbfa909f1770b4d06b8c1578d210587548566b61193c6d,True,True,True,0.0,0,True,True
RIT_2014_52,RIT_2014_52_0.bmp,RIT_2014_52.bmp,19030,19030,174,102,174,102,L,L,9305f4ba2d72a8cf0a6f654e9888ef69ca0311e0e44cc036f75efa3027f52d2a,9305f4ba2d72a8cf0a6f654e9888ef69ca0311e0e44cc036f75efa3027f52d2a,True,True,True,0.0,0,True,True
RIT_2014_53,RIT_2014_53_0.bmp,RIT_2014_53.bmp,13050,13050,162,73,162,73,L,L,d63f2f3ebe2e5c9cb275347f76e0d5ee1be1d9d9af74545d65c0604babd7247a,d63f2f3ebe2e5c9cb275347f76e0d5ee1be1d9d9af74545d65c0604babd7247a,True,True,True,0.0,0,True,True
RIT_2014_54,RIT_2014_54_0.bmp,RIT_2014_54.bmp,10326,10326,134,68,134,68,L,L,6f59fb9a400714dbbe10336163bdc38033e399138504cbc229b576413a819121,6f59fb9a400714dbbe10336163bdc38033e399138504cbc229b576413a819121,True,True,True,0.0,0,True,True
RIT_2014_55,RIT_2014_55_0.bmp,RIT_2014_55.bmp,29194,29194,284,99,284,99,L,L,5e46e940d9b75ac4b44e61422dab249705ea5da1fe15db2a9bad5ed596e863dc,5e46e940d9b75ac4b44e61422dab249705ea5da1fe15db2a9bad5ed596e863dc,True,True,True,0.0,0,True,True
RIT_2014_56,RIT_2014_56_0.bmp,RIT_2014_56.bmp,47302,47302,431,107,431,107,L,L,3a5713771b663176a8891f9fb028142a0738c3db12820e79aba42623f174cb7b,3a5713771b663176a8891f9fb028142a0738c3db12820e79aba42623f174cb7b,True,True,True,0.0,0,True,True
RIT_2014_57,RIT_2014_57_0.bmp,RIT_2014_57.bmp,5326,5326,69,59,69,59,L,L,ed30ae305b4d6bf1e1c3db3038c5bedcd5bf11389dd09b437e442b63e49ea53e,ed30ae305b4d6bf1e1c3db3038c5bedcd5bf11389dd09b437e442b63e49ea53e,True,True,True,0.0,0,True,True
RIT_2014_58,RIT_2014_58_0.bmp,RIT_2014_58.bmp,40246,40246,405,96,405,96,L,L,e5e2018692a76d7df716899823f51dac399c9619b53592da999bc32ef89e5e89,e5e2018692a76d7df716899823f51dac399c9619b53592da999bc32ef89e5e89,True,True,True,0.0,0,True,True
RIT_2014_59,RIT_2014_59_0.bmp,RIT_2014_59.bmp,6694,6694,72,78,72,78,L,L,e316912f2c1242126f8ce3b1982328b6d994e8027c3ea578c2089318e43690a3,e316912f2c1242126f8ce3b1982328b6d994e8027c3ea578c2089318e43690a3,True,True,True,0.0,0,True,True
RIT_2014_6,RIT_2014_6_0.bmp,RIT_2014_6.bmp,70942,70942,491,142,491,142,L,L,fa275006e8932abd46999f86b7f2e157d26be50ef2de27ccb72e9c0834c64744,fa275006e8932abd46999f86b7f2e157d26be50ef2de27ccb72e9c0834c64744,True,True,True,0.0,0,True,True
RIT_2014_60,RIT_2014_60_0.bmp,RIT_2014_60.bmp,22678,22678,297,72,297,72,L,L,2b959144f00fc5a38de93fc47e9728ef919274304143ccd15b8747db6f18a39e,2b959144f00fc5a38de93fc47e9728ef919274304143ccd15b8747db6f18a39e,True,True,True,0.0,0,True,True
RIT_2014_61,RIT_2014_61_0.bmp,RIT_2014_61.bmp,10198,10198,149,60,149,60,L,L,88881f21883e93489caf304f632f9b0a6211586d7a8c8750c6b60c85468512c2,88881f21883e93489caf304f632f9b0a6211586d7a8c8750c6b60c85468512c2,True,True,True,0.0,0,True,True
RIT_2014_62,RIT_2014_62_0.bmp,RIT_2014_62.bmp,67534,67534,465,142,465,142,L,L,b2b510b80cbcb7907b0e7d0c5d1b17c00937fb7e9ee5ee9efe082a61704d5568,b2b510b80cbcb7907b0e7d0c5d1b17c00937fb7e9ee5ee9efe082a61704d5568,True,True,True,0.0,0,True,True
RIT_2014_63,RIT_2014_63_0.bmp,RIT_2014_63.bmp,19278,19278,198,91,198,91,L,L,fea06baaab94e813f104c0d49a3f265a20b9037b7525373241b61d3a64297349,fea06baaab94e813f104c0d49a3f265a20b9037b7525373241b61d3a64297349,True,True,True,0.0,0,True,True
RIT_2014_64,RIT_2014_64_0.bmp,RIT_2014_64.bmp,19678,19678,247,75,247,75,L,L,c0f1b9e8cc2809e5cdc1e412c2ffd2698cc8edaddee4bad0014a353376730f79,c0f1b9e8cc2809e5cdc1e412c2ffd2698cc8edaddee4bad0014a353376730f79,True,True,True,0.0,0,True,True
RIT_2014_65,RIT_2014_65_0.bmp,RIT_2014_65.bmp,9238,9238,117,68,117,68,L,L,86dcf3af4ea9a729a3fa37228b517aad1f2fdcb9607b4824898e5679a7e45e03,86dcf3af4ea9a729a3fa37228b517aad1f2fdcb9607b4824898e5679a7e45e03,True,True,True,0.0,0,True,True
RIT_2014_66,RIT_2014_66_0.bmp,RIT_2014_66.bmp,76150,76150,406,184,406,184,L,L,ba6d7832bef9830dcc881f91a49a593797d13d7685193a82ab65f5a66464df96,ba6d7832bef9830dcc881f91a49a593797d13d7685193a82ab65f5a66464df96,True,True,True,0.0,0,True,True
RIT_2014_67,RIT_2014_67_0.bmp,RIT_2014_67.bmp,16130,16130,212,71,212,71,L,L,e75012c7676c72c8f84915b9db3d134ec8862c6e9d85853dac33230fbe0da646,e75012c7676c72c8f84915b9db3d134ec8862c6e9d85853dac33230fbe0da646,True,True,True,0.0,0,True,True
RIT_2014_68,RIT_2014_68_0.bmp,RIT_2014_68.bmp,23958,23958,257,88,257,88,L,L,ca0b337dc44e1f499d9265360fd3d129a892fac901976b337a3c0cda9682940c,ca0b337dc44e1f499d9265360fd3d129a892fac901976b337a3c0cda9682940c,True,True,True,0.0,0,True,True
RIT_2014_69,RIT_2014_69_0.bmp,RIT_2014_69.bmp,13734,13734,111,113,111,113,L,L,fbfd3a5698f989238479080b2b2fc77181c97f00bd1284d3d4dfe2d40e8c8ff0,fbfd3a5698f989238479080b2b2fc77181c97f00bd1284d3d4dfe2d40e8c8ff0,True,True,True,0.0,0,True,True
RIT_2014_7,RIT_2014_7_0.bmp,RIT_2014_7.bmp,62742,62742,373,164,373,164,L,L,9b14d76a59b0b191bdc3d2a664ba7dc17a429c6e5c9bfc5d2f47f7d7204fb8ea,9b14d76a59b0b191bdc3d2a664ba7dc17a429c6e5c9bfc5d2f47f7d7204fb8ea,True,True,True,0.0,0,True,True
RIT_2014_70,RIT_2014_70_0.bmp,RIT_2014_70.bmp,30626,30626,331,89,331,89,L,L,f001edabdb6a29c9f72c8f25a52c979d18f4256e5b34da3754b59c0613b07baf,f001edabdb6a29c9f72c8f25a52c979d18f4256e5b34da3754b59c0613b07baf,True,True,True,0.0,0,True,True
RIT_2014_71,RIT_2014_71_0.bmp,RIT_2014_71.bmp,60102,60102,474,124,474,124,L,L,cf7c8a1bcc26c66f97c8e3567da70e342879c206cf563dda3fc8a545af2903b5,cf7c8a1bcc26c66f97c8e3567da70e342879c206cf563dda3fc8a545af2903b5,True,True,True,0.0,0,True,True
RIT_2014_72,RIT_2014_72_0.bmp,RIT_2014_72.bmp,31678,31678,298,102,298,102,L,L,226299f1f964a95324adb78c2acb4f0db61a45c82f0d92859d1abcb30cba48fa,226299f1f964a95324adb78c2acb4f0db61a45c82f0d92859d1abcb30cba48fa,True,True,True,0.0,0,True,True
RIT_2014_73,RIT_2014_73_0.bmp,RIT_2014_73.bmp,17398,17398,191,85,191,85,L,L,90fb145612c8e5f2ccf279f0265f2258981d65ed02f27083c7e77675484888db,90fb145612c8e5f2ccf279f0265f2258981d65ed02f27083c7e77675484888db,True,True,True,0.0,0,True,True
RIT_2014_74,RIT_2014_74_0.bmp,RIT_2014_74.bmp,20278,20278,197,96,197,96,L,L,ce3949e09f390e31c03d2b59ebc1f8821d952645842edaf5671edd85a417e929,ce3949e09f390e31c03d2b59ebc1f8821d952645842edaf5671edd85a417e929,True,True,True,0.0,0,True,True
RIT_2014_75,RIT_2014_75_0.bmp,RIT_2014_75.bmp,23710,23710,183,123,183,123,L,L,861c84d38a7d6e49ef89c9102813f86fd9093e38af35f530358af0b540596192,861c84d38a7d6e49ef89c9102813f86fd9093e38af35f530358af0b540596192,True,True,True,0.0,0,True,True
RIT_2014_76,RIT_2014_76_0.bmp,RIT_2014_76.bmp,8998,8998,131,60,131,60,L,L,5bb53d32e3ccf6d51449f959793330d0d8263475324d2d6a80c27023e0d8ed78,5bb53d32e3ccf6d51449f959793330d0d8263475324d2d6a80c27023e0d8ed78,True,True,True,0.0,0,True,True
RIT_2014_77,RIT_2014_77_0.bmp,RIT_2014_77.bmp,37590,37590,224,163,224,163,L,L,bddbc7cccd1343a3a76d6542d5d8974ffbd75118b955e365abed048c464ffa4b,bddbc7cccd1343a3a76d6542d5d8974ffbd75118b955e365abed048c464ffa4b,True,True,True,0.0,0,True,True
RIT_2014_78,RIT_2014_78_0.bmp,RIT_2014_78.bmp,10318,10318,117,77,117,77,L,L,2dda345f074a9cdb882746d169e1593d813812fa04b81aad3eea5aa872a76f29,2dda345f074a9cdb882746d169e1593d813812fa04b81aad3eea5aa872a76f29,True,True,True,0.0,0,True,True
RIT_2014_79,RIT_2014_79_0.bmp,RIT_2014_79.bmp,118006,118006,575,203,575,203,L,L,d851635627519a6f58818f2dc1c5d2721c3d7ca4eef92f49d28bd94d0ad423bf,d851635627519a6f58818f2dc1c5d2721c3d7ca4eef92f49d28bd94d0ad423bf,True,True,True,0.0,0,True,True
RIT_2014_8,RIT_2014_8_0.bmp,RIT_2014_8.bmp,58934,58934,511,113,511,113,L,L,65cdd4113961f4a8a4d144e0f0e64a701f248ab9c3912fe671b8ecd12547e8f2,65cdd4113961f4a8a4d144e0f0e64a701f248ab9c3912fe671b8ecd12547e8f2,True,True,True,0.0,0,True,True
RIT_2014_80,RIT_2014_80_0.bmp,RIT_2014_80.bmp,45382,45382,284,156,284,156,L,L,e95b756799ced32610be09e25661de00945850558b3f44603d92785fee52f7d7,e95b756799ced32610be09e25661de00945850558b3f44603d92785fee52f7d7,True,True,True,0.0,0,True,True
RIT_2014_81,RIT_2014_81_0.bmp,RIT_2014_81.bmp,23002,23002,252,87,252,87,L,L,dbd0b03b709915fd1899bb40294ad2fb6a2866161ce09577dfea5b7da5e95576,dbd0b03b709915fd1899bb40294ad2fb6a2866161ce09577dfea5b7da5e95576,True,True,True,0.0,0,True,True
RIT_2014_82,RIT_2014_82_0.bmp,RIT_2014_82.bmp,9918,9918,101,85,101,85,L,L,65596de3696270681e5ebf39898a6bb40ca3c27cb9a0149bac80f31b99b51d00,65596de3696270681e5ebf39898a6bb40ca3c27cb9a0149bac80f31b99b51d00,True,True,True,0.0,0,True,True
RIT_2014_83,RIT_2014_83_0.bmp,RIT_2014_83.bmp,64382,64382,325,193,325,193,L,L,575a4cb8985a7bac37c5da94643e0606d6a9e1935996814097a55c3124c6aed0,575a4cb8985a7bac37c5da94643e0606d6a9e1935996814097a55c3124c6aed0,True,True,True,0.0,0,True,True
RIT_2014_84,RIT_2014_84_0.bmp,RIT_2014_84.bmp,57478,57478,297,188,297,188,L,L,19e1e04ed3c687b101d433f9071a472f14b46d4970f6ca2a439f70aaf85adf04,19e1e04ed3c687b101d433f9071a472f14b46d4970f6ca2a439f70aaf85adf04,True,True,True,0.0,0,True,True
RIT_2014_85,RIT_2014_85_0.bmp,RIT_2014_85.bmp,81686,81686,351,229,351,229,L,L,b81d3c84f7d4757e68e9f69df9d9b11642b7cdc771e2fbd28148a8ed2a0aca89,b81d3c84f7d4757e68e9f69df9d9b11642b7cdc771e2fbd28148a8ed2a0aca89,True,True,True,0.0,0,True,True
RIT_2014_86,RIT_2014_86_0.bmp,RIT_2014_86.bmp,42550,42550,256,162,256,162,L,L,26458df7b296d39311d538d971c9bdd8fe87d7c37129641faf208e31127f816d,26458df7b296d39311d538d971c9bdd8fe87d7c37129641faf208e31127f816d,True,True,True,0.0,0,True,True
RIT_2014_87,RIT_2014_87_0.bmp,RIT_2014_87.bmp,22858,22858,217,99,217,99,L,L,9c322e086c9eed4a5cdc710807e9ca27b860eebffa6dce8e5b01c9b15e6eba12,9c322e086c9eed4a5cdc710807e9ca27b860eebffa6dce8e5b01c9b15e6eba12,True,True,True,0.0,0,True,True
RIT_2014_88,RIT_2014_88_0.bmp,RIT_2014_88.bmp,22838,22838,158,136,158,136,L,L,9f6f331d2bc9e6efb768e2f72bfb650bf37c0e5d89bb2718b690309efbc714ad,9f6f331d2bc9e6efb768e2f72bfb650bf37c0e5d89bb2718b690309efbc714ad,True,True,True,0.0,0,True,True
RIT_2014_89,RIT_2014_89_0.bmp,RIT_2014_89.bmp,7578,7578,98,65,98,65,L,L,1fadb5c135c73bd33e82e04e24ae1f6f692ecbbd2700e78de0a89c76bfbcdbf6,1fadb5c135c73bd33e82e04e24ae1f6f692ecbbd2700e78de0a89c76bfbcdbf6,True,True,True,0.0,0,True,True
RIT_2014_9,RIT_2014_9_0.bmp,RIT_2014_9.bmp,7386,7386,75,83,75,83,L,L,c0427ec3fde2373d24e8822916d096780cf18ee6d004f9b4aa4e5cd1f239b6df,c0427ec3fde2373d24e8822916d096780cf18ee6d004f9b4aa4e5cd1f239b6df,True,True,True,0.0,0,True,True
RIT_2014_90,RIT_2014_90_0.bmp,RIT_2014_90.bmp,13714,13714,155,81,155,81,L,L,4c07ff6ba2f4d73206884ab9298a3ab805b923929478feba8fd90ee476296cb9,4c07ff6ba2f4d73206884ab9298a3ab805b923929478feba8fd90ee476296cb9,True,True,True,0.0,0,True,True
RIT_2014_91,RIT_2014_91_0.bmp,RIT_2014_91.bmp,28358,28358,173,155,173,155,L,L,6fb319c65906e034050ba37104092be5683405c6ce9b03ceeecdc5347ee8fc89,6fb319c65906e034050ba37104092be5683405c6ce9b03ceeecdc5347ee8fc89,True,True,True,0.0,0,True,True
RIT_2014_92,RIT_2014_92_0.bmp,RIT_2014_92.bmp,25894,25894,185,132,185,132,L,L,82fcfa86e9fe121f5757dfb1ccbde216de39bca26ae3012d295efa1a8482554c,82fcfa86e9fe121f5757dfb1ccbde216de39bca26ae3012d295efa1a8482554c,True,True,True,0.0,0,True,True
RIT_2014_93,RIT_2014_93_0.bmp,RIT_2014_93.bmp,8806,8806,111,69,111,69,L,L,82a2ab2a97f3337dd0cbd7bc6e61bea041369d7478135248dd5c48a5f94b662c,82a2ab2a97f3337dd0cbd7bc6e61bea041369d7478135248dd5c48a5f94b662c,True,True,True,0.0,0,True,True
RIT_2014_94,RIT_2014_94_0.bmp,RIT_2014_94.bmp,70530,70530,385,179,385,179,L,L,27ef99301974351a2b1a4cdac6798c3e8b302874aaa42394f3e4b71f734c9e10,27ef99301974351a2b1a4cdac6798c3e8b302874aaa42394f3e4b71f734c9e10,True,True,True,0.0,0,True,True
RIT_2014_95,RIT_2014_95_0.bmp,RIT_2014_95.bmp,5486,5486,74,58,74,58,L,L,f344a97f104cd4bae608488cca153ecefca0304ab1a120aeb58d7d3fb64637df,f344a97f104cd4bae608488cca153ecefca0304ab1a120aeb58d7d3fb64637df,True,True,True,0.0,0,True,True
RIT_2014_96,RIT_2014_96_0.bmp,RIT_2014_96.bmp,19018,19018,258,69,258,69,L,L,bb9eaa2f89ee7a168af0bc96b7031768352da5295d5b8391cdc623f7206cd55f,bb9eaa2f89ee7a168af0bc96b7031768352da5295d5b8391cdc623f7206cd55f,True,True,True,0.0,0,True,True
RIT_2014_97,RIT_2014_97_0.bmp,RIT_2014_97.bmp,4954,4954,66,57,66,57,L,L,47f26fcfa9450952491db8276a1f9a17e334492044cdafdc74ebdd48ee2efa4e,47f26fcfa9450952491db8276a1f9a17e334492044cdafdc74ebdd48ee2efa4e,True,True,True,0.0,0,True,True
RIT_2014_98,RIT_2014_98_0.bmp,RIT_2014_98.bmp,17078,17078,197,80,197,80,L,L,d490c14d95749ada7faf64da540214e1532df1d43cc65e3d6139c0bca4fc81eb,d490c14d95749ada7faf64da540214e1532df1d43cc65e3d6139c0bca4fc81eb,True,True,True,0.0,0,True,True
RIT_2014_99,RIT_2014_99_0.bmp,RIT_2014_99.bmp,11318,11318,77,128,77,128,L,L,492c6200190b87edcdeede8c3e739464f03644f1b67cd515a187000e7f2f70f4,492c6200190b87edcdeede8c3e739464f03644f1b67cd515a187000e7f2f70f4,True,True,True,0.0,0,True,True
